-- phpMyAdmin SQL Dump
-- version 4.0.3
-- http://www.phpmyadmin.net
--
-- Client: 127.0.0.1
-- Généré le: Sam 07 Décembre 2013 à 17:14
-- Version du serveur: 5.6.11-log
-- Version de PHP: 5.5.0

SET SQL_MODE = "NO_AUTO_VALUE_ON_ZERO";
SET time_zone = "+00:00";


/*!40101 SET @OLD_CHARACTER_SET_CLIENT=@@CHARACTER_SET_CLIENT */;
/*!40101 SET @OLD_CHARACTER_SET_RESULTS=@@CHARACTER_SET_RESULTS */;
/*!40101 SET @OLD_COLLATION_CONNECTION=@@COLLATION_CONNECTION */;
/*!40101 SET NAMES utf8 */;

--
-- Base de données: `db_poagent`
--
CREATE DATABASE IF NOT EXISTS `db_poagent` DEFAULT CHARACTER SET latin1 COLLATE latin1_swedish_ci;
USE `db_poagent`;

-- --------------------------------------------------------

--
-- Structure de la table `categorie`
--

CREATE TABLE IF NOT EXISTS `categorie` (
  `idCategorie` int(4) NOT NULL AUTO_INCREMENT,
  `typeCategorie` varchar(30) COLLATE utf8_unicode_ci NOT NULL,
  PRIMARY KEY (`idCategorie`)
) ENGINE=InnoDB  DEFAULT CHARSET=utf8 COLLATE=utf8_unicode_ci AUTO_INCREMENT=6 ;

--
-- Contenu de la table `categorie`
--

INSERT INTO `categorie` (`idCategorie`, `typeCategorie`) VALUES
(1, 'dvd'),
(2, 'jeux'),
(3, 'camescope'),
(4, 'tv'),
(5, 'cd');

-- --------------------------------------------------------

--
-- Structure de la table `objet`
--

CREATE TABLE IF NOT EXISTS `objet` (
  `refObjet` int(4) NOT NULL AUTO_INCREMENT,
  `nomObjet` varchar(30) CHARACTER SET utf8 COLLATE utf8_unicode_ci NOT NULL,
  `motCle` text CHARACTER SET utf8 COLLATE utf8_unicode_ci,
  `prixVente` decimal(6,0) NOT NULL DEFAULT '15',
  `idCategorie` int(4) DEFAULT NULL,
  PRIMARY KEY (`refObjet`),
  KEY `FOREIGN KEY CATEGORIE` (`idCategorie`) COMMENT 'id de la categorie'
) ENGINE=InnoDB  DEFAULT CHARSET=latin1 AUTO_INCREMENT=52 ;

--
-- Contenu de la table `objet`
--

INSERT INTO `objet` (`refObjet`, `nomObjet`, `motCle`, `prixVente`, `idCategorie`) VALUES
(1, 'Django Unchained', 'j. foxx,l. di caprio,sl. jackson,western spaghetti', '15', 1),
(2, 'Gravity ', '3D,thriller,drame,science-fiction,g. clooney,s. bullock', '15', 1),
(3, 'Iron Man 3', 'marvel,action,super-héros,r. downey jr,g. paltrow,d. cheadle', '15', 1),
(4, 'Moi, Moche et Méchant', 'animation,famille', '15', 1),
(5, 'Insaisissable', 'thriller policier,e. ricourt,l. letterier', '15', 1),
(6, 'World War Z', 'horreur,post-apocalyptique,science-fiction,b. pitt,m. enos', '15', 1),
(7, 'Man of Steel', 'action,super-héros,h. cavill,a. adams,k. costner', '15', 1),
(8, 'Very Bad Trip 3', 'comedie,b. cooper,e. helms,z. galifianakis', '15', 1),
(9, 'Les Croods', 'animation,famille,n. cage,r. reynolds', '15', 1),
(10, 'Jappeloup', 'drame,g. canet,m. hands,d. auteuil', '15', 1),
(12, 'Grand Theft Auto V', 'gta-like,action,-18ans,rockstar game', '15', 2),
(13, 'Watch Dogs', 'aventure,action,infiltration,-18ans,ubisoft', '15', 2),
(14, 'Crysis 3', 'fps,electronic arts', '15', 2),
(15, 'The Last Of Us', 'action,survival-horror,sony,naughty dog', '15', 2),
(16, 'Metro : Last Night ', 'fps,4A games,koch media,-18ans', '15', 2),
(17, 'Dead Space 3', 'survival horror,electronic arts,-18ans\r\n', '15', 2),
(18, 'Diablo III : Reaper of Souls', 'jeux de rôle,action,blizzard,activision', '15', 2),
(19, 'BattleField 4', 'fps,electronic arts,dice,-18ans', '15', 2),
(20, 'FIFA 14', 'sport,football,ea sports,electronic arts', '15', 2),
(21, 'Dark Soul II', 'jeu de rôle,action,-16ans,namco bandai,from software', '15', 2),
(22, 'TOSHIBA Camileo X150', 'black,flash,toshiba\r\n', '15', 3),
(23, 'JVC GZ-E10', 'argent,flash,mémoire+,jvc,photo', '15', 3),
(24, 'SAMSUNG F900', 'argent,8go,samsung', '15', 3),
(25, 'TOSHIBA Z100', '3d,hd,blanc,toshiba,photo', '15', 3),
(26, 'PANASONIC HC-V110', 'noir,hd,mémoire+,panasonic,photo', '15', 3),
(27, 'SONY PJ220', 'video-projecteur,8go,hd,sony', '15', 3),
(28, 'SONY FDR-AX1', '4k,noir,sony,photo', '15', 3),
(29, 'SAMSUNG QF30', 'stabilisateur,blanc,hd,samsung,photo', '15', 3),
(30, 'PANASONIC HC-V210', 'grand angle,noir,panasonic', '15', 3),
(31, 'CANON HFR36', 'wifi,canon,grand angle', '15', 3),
(32, 'TOSHIBA 65L9363DF', '4k,toshiba,smart,800hz,led,169cm,noir', '15', 4),
(33, 'SAMSUNG UE46F5000', '100hz,cmr,116cm,led', '15', 4),
(34, 'PHILLIPS 46PFL4208H', 'smart,200hz,pmr,117cm,edge led,wifi,hdtv', '15', 4),
(35, 'LG 47LA641', '3d,smart,200hz,mci,119cm,wifi,led', '15', 4),
(36, 'LISTO 275DLEDUSB-595', '70cm,direct led,noir', '15', 4),
(37, 'TOSHIBA 24W1334G', 'blanc,61cm,edgs led', '15', 4),
(38, 'PANASONIC TX-L32E6E', 'argent,smart,100hz,bls,hdtv,1080p,wifi', '15', 4),
(39, 'MUSE M-115', 'portable,18cm,lcd', '15', 4),
(40, 'SAMSUNG PS43F4500', 'plasma,109cm,noir', '15', 4),
(41, 'LG 55EA980V', 'oled,smart,139cm,3d,incurvé', '15', 4),
(42, 'Songz for the Philipines', 'various artiste,pop', '15', 5),
(43, 'Long Courrier', 'bb brunes,rock', '15', 5),
(44, 'True', 'avicii,house,dance', '15', 5),
(45, 'Midnight Memories', 'one direction,pop', '15', 5),
(46, 'NRJ Music Awards 15th', 'pop,various artists', '15', 5),
(47, 'Prism', 'katty perry,pop', '15', 5),
(48, 'Sarbacane', 'francis cabrel,variété française', '15', 5),
(49, 'Racine Carré', 'stromae,variété française', '15', 5),
(50, 'The Marshall Mathers LP2', 'eminem,hip-hop', '15', 5),
(51, 'If You Wait', 'alternative,london grammar', '15', 5);

-- --------------------------------------------------------

--
-- Structure de la table `stock`
--

CREATE TABLE IF NOT EXISTS `stock` (
  `idStock` int(4) NOT NULL AUTO_INCREMENT,
  `refObjet` int(4) NOT NULL,
  `dateStockage` timestamp NOT NULL DEFAULT CURRENT_TIMESTAMP,
  `datePaiement` timestamp NOT NULL DEFAULT CURRENT_TIMESTAMP,
  `nbVendu` int(4) NOT NULL DEFAULT '0',
  `quantite` int(4) NOT NULL,
  `prixAchat` decimal(6,0) NOT NULL,
  PRIMARY KEY (`idStock`),
  KEY `FOREIGN KEY OBJET` (`refObjet`) COMMENT 'Reference d''un objet'
) ENGINE=InnoDB  DEFAULT CHARSET=utf8 COLLATE=utf8_unicode_ci AUTO_INCREMENT=101 ;

--
-- Contenu de la table `stock`
--

INSERT INTO `stock` (`idStock`, `refObjet`, `dateStockage`, `datePaiement`, `nbVendu`, `quantite`, `prixAchat`) VALUES
(1, 1, '2013-12-07 15:21:11', '2013-12-07 15:21:11', 0, 50, '50'),
(2, 2, '2013-12-07 15:21:11', '2013-12-07 15:21:11', 0, 50, '50'),
(3, 3, '2013-12-07 15:21:11', '2013-12-07 15:21:11', 0, 50, '50'),
(4, 4, '2013-12-07 15:21:11', '2013-12-07 15:21:11', 0, 50, '50'),
(5, 5, '2013-12-07 15:21:11', '2013-12-07 15:21:11', 0, 50, '50'),
(6, 6, '2013-12-07 15:21:11', '2013-12-07 15:21:11', 0, 50, '50'),
(7, 7, '2013-12-07 15:21:11', '2013-12-07 15:21:11', 0, 50, '50'),
(8, 8, '2013-12-07 15:21:11', '2013-12-07 15:21:11', 0, 50, '50'),
(9, 9, '2013-12-07 15:21:11', '2013-12-07 15:21:11', 0, 50, '50'),
(10, 10, '2013-12-07 15:21:11', '2013-12-07 15:21:11', 0, 50, '50'),
(11, 12, '2013-12-07 15:21:11', '2013-12-07 15:21:11', 0, 50, '50'),
(12, 13, '2013-12-07 15:21:11', '2013-12-07 15:21:11', 0, 50, '50'),
(13, 14, '2013-12-07 15:21:11', '2013-12-07 15:21:11', 0, 50, '50'),
(14, 15, '2013-12-07 15:21:11', '2013-12-07 15:21:11', 0, 50, '50'),
(15, 16, '2013-12-07 15:21:11', '2013-12-07 15:21:11', 0, 50, '50'),
(16, 17, '2013-12-07 15:21:11', '2013-12-07 15:21:11', 0, 50, '50'),
(17, 18, '2013-12-07 15:21:11', '2013-12-07 15:21:11', 0, 50, '50'),
(18, 19, '2013-12-07 15:21:11', '2013-12-07 15:21:11', 0, 50, '50'),
(19, 20, '2013-12-07 15:21:11', '2013-12-07 15:21:11', 0, 50, '50'),
(20, 21, '2013-12-07 15:21:11', '2013-12-07 15:21:11', 0, 50, '50'),
(21, 22, '2013-12-07 15:21:11', '2013-12-07 15:21:11', 0, 50, '50'),
(22, 23, '2013-12-07 15:21:11', '2013-12-07 15:21:11', 0, 50, '50'),
(23, 24, '2013-12-07 15:21:11', '2013-12-07 15:21:11', 0, 50, '50'),
(24, 25, '2013-12-07 15:21:11', '2013-12-07 15:21:11', 0, 50, '50'),
(25, 26, '2013-12-07 15:21:11', '2013-12-07 15:21:11', 0, 50, '50'),
(26, 27, '2013-12-07 15:21:11', '2013-12-07 15:21:11', 0, 50, '50'),
(27, 28, '2013-12-07 15:21:11', '2013-12-07 15:21:11', 0, 50, '50'),
(28, 29, '2013-12-07 15:21:11', '2013-12-07 15:21:11', 0, 50, '50'),
(29, 30, '2013-12-07 15:21:11', '2013-12-07 15:21:11', 0, 50, '50'),
(30, 31, '2013-12-07 15:21:11', '2013-12-07 15:21:11', 0, 50, '50'),
(31, 32, '2013-12-07 15:21:11', '2013-12-07 15:21:11', 0, 50, '50'),
(32, 33, '2013-12-07 15:21:11', '2013-12-07 15:21:11', 0, 50, '50'),
(33, 34, '2013-12-07 15:21:11', '2013-12-07 15:21:11', 0, 50, '50'),
(34, 35, '2013-12-07 15:21:11', '2013-12-07 15:21:11', 0, 50, '50'),
(35, 36, '2013-12-07 15:21:11', '2013-12-07 15:21:11', 0, 50, '50'),
(36, 37, '2013-12-07 15:21:11', '2013-12-07 15:21:11', 0, 50, '50'),
(37, 38, '2013-12-07 15:21:11', '2013-12-07 15:21:11', 0, 50, '50'),
(38, 39, '2013-12-07 15:21:11', '2013-12-07 15:21:11', 0, 50, '50'),
(39, 40, '2013-12-07 15:21:11', '2013-12-07 15:21:11', 0, 50, '50'),
(40, 41, '2013-12-07 15:21:11', '2013-12-07 15:21:11', 0, 50, '50'),
(41, 42, '2013-12-07 15:21:11', '2013-12-07 15:21:11', 0, 50, '50'),
(42, 43, '2013-12-07 15:21:11', '2013-12-07 15:21:11', 0, 50, '50'),
(43, 44, '2013-12-07 15:21:11', '2013-12-07 15:21:11', 0, 50, '50'),
(44, 45, '2013-12-07 15:21:11', '2013-12-07 15:21:11', 0, 50, '50'),
(45, 46, '2013-12-07 15:21:11', '2013-12-07 15:21:11', 0, 50, '50'),
(46, 47, '2013-12-07 15:21:11', '2013-12-07 15:21:11', 0, 50, '50'),
(47, 48, '2013-12-07 15:21:11', '2013-12-07 15:21:11', 0, 50, '50'),
(48, 49, '2013-12-07 15:21:11', '2013-12-07 15:21:11', 0, 50, '50'),
(49, 50, '2013-12-07 15:21:11', '2013-12-07 15:21:11', 0, 50, '50'),
(50, 51, '2013-12-07 15:21:11', '2013-12-07 15:21:11', 0, 50, '50'),
(51, 1, '2013-12-07 15:22:13', '2013-12-07 15:22:13', 0, 50, '50'),
(52, 2, '2013-12-07 15:22:13', '2013-12-07 15:22:13', 0, 50, '50'),
(53, 3, '2013-12-07 15:22:13', '2013-12-07 15:22:13', 0, 50, '50'),
(54, 4, '2013-12-07 15:22:13', '2013-12-07 15:22:13', 0, 50, '50'),
(55, 5, '2013-12-07 15:22:13', '2013-12-07 15:22:13', 0, 50, '50'),
(56, 6, '2013-12-07 15:22:13', '2013-12-07 15:22:13', 0, 50, '50'),
(57, 7, '2013-12-07 15:22:13', '2013-12-07 15:22:13', 0, 50, '50'),
(58, 8, '2013-12-07 15:22:13', '2013-12-07 15:22:13', 0, 50, '50'),
(59, 9, '2013-12-07 15:22:13', '2013-12-07 15:22:13', 0, 50, '50'),
(60, 10, '2013-12-07 15:22:13', '2013-12-07 15:22:13', 0, 50, '50'),
(61, 12, '2013-12-07 15:22:13', '2013-12-07 15:22:13', 0, 50, '50'),
(62, 13, '2013-12-07 15:22:13', '2013-12-07 15:22:13', 0, 50, '50'),
(63, 14, '2013-12-07 15:22:13', '2013-12-07 15:22:13', 0, 50, '50'),
(64, 15, '2013-12-07 15:22:13', '2013-12-07 15:22:13', 0, 50, '50'),
(65, 16, '2013-12-07 15:22:13', '2013-12-07 15:22:13', 0, 50, '50'),
(66, 17, '2013-12-07 15:22:13', '2013-12-07 15:22:13', 0, 50, '50'),
(67, 18, '2013-12-07 15:22:13', '2013-12-07 15:22:13', 0, 50, '50'),
(68, 19, '2013-12-07 15:22:13', '2013-12-07 15:22:13', 0, 50, '50'),
(69, 20, '2013-12-07 15:22:13', '2013-12-07 15:22:13', 0, 50, '50'),
(70, 21, '2013-12-07 15:22:13', '2013-12-07 15:22:13', 0, 50, '50'),
(71, 22, '2013-12-07 15:22:13', '2013-12-07 15:22:13', 0, 50, '50'),
(72, 23, '2013-12-07 15:22:13', '2013-12-07 15:22:13', 0, 50, '50'),
(73, 24, '2013-12-07 15:22:13', '2013-12-07 15:22:13', 0, 50, '50'),
(74, 25, '2013-12-07 15:22:13', '2013-12-07 15:22:13', 0, 50, '50'),
(75, 26, '2013-12-07 15:22:13', '2013-12-07 15:22:13', 0, 50, '50'),
(76, 27, '2013-12-07 15:22:13', '2013-12-07 15:22:13', 0, 50, '50'),
(77, 28, '2013-12-07 15:22:13', '2013-12-07 15:22:13', 0, 50, '50'),
(78, 29, '2013-12-07 15:22:13', '2013-12-07 15:22:13', 0, 50, '50'),
(79, 30, '2013-12-07 15:22:13', '2013-12-07 15:22:13', 0, 50, '50'),
(80, 31, '2013-12-07 15:22:13', '2013-12-07 15:22:13', 0, 50, '50'),
(81, 32, '2013-12-07 15:22:13', '2013-12-07 15:22:13', 0, 50, '50'),
(82, 33, '2013-12-07 15:22:13', '2013-12-07 15:22:13', 0, 50, '50'),
(83, 34, '2013-12-07 15:22:13', '2013-12-07 15:22:13', 0, 50, '50'),
(84, 35, '2013-12-07 15:22:13', '2013-12-07 15:22:13', 0, 50, '50'),
(85, 36, '2013-12-07 15:22:13', '2013-12-07 15:22:13', 0, 50, '50'),
(86, 37, '2013-12-07 15:22:13', '2013-12-07 15:22:13', 0, 50, '50'),
(87, 38, '2013-12-07 15:22:13', '2013-12-07 15:22:13', 0, 50, '50'),
(88, 39, '2013-12-07 15:22:13', '2013-12-07 15:22:13', 0, 50, '50'),
(89, 40, '2013-12-07 15:22:13', '2013-12-07 15:22:13', 0, 50, '50'),
(90, 41, '2013-12-07 15:22:13', '2013-12-07 15:22:13', 0, 50, '50'),
(91, 42, '2013-12-07 15:22:14', '2013-12-07 15:22:14', 0, 50, '50'),
(92, 43, '2013-12-07 15:22:14', '2013-12-07 15:22:14', 0, 50, '50'),
(93, 44, '2013-12-07 15:22:14', '2013-12-07 15:22:14', 0, 50, '50'),
(94, 45, '2013-12-07 15:22:14', '2013-12-07 15:22:14', 0, 50, '50'),
(95, 46, '2013-12-07 15:22:14', '2013-12-07 15:22:14', 0, 50, '50'),
(96, 47, '2013-12-07 15:22:14', '2013-12-07 15:22:14', 0, 50, '50'),
(97, 48, '2013-12-07 15:22:14', '2013-12-07 15:22:14', 0, 50, '50'),
(98, 49, '2013-12-07 15:22:14', '2013-12-07 15:22:14', 0, 50, '50'),
(99, 50, '2013-12-07 15:22:14', '2013-12-07 15:22:14', 0, 50, '50'),
(100, 51, '2013-12-07 15:22:14', '2013-12-07 15:22:14', 0, 50, '50');

-- --------------------------------------------------------

--
-- Structure de la table `vendeur`
--

CREATE TABLE IF NOT EXISTS `vendeur` (
  `idVendeur` int(4) NOT NULL AUTO_INCREMENT,
  `tresorerie` decimal(6,0) NOT NULL DEFAULT '0',
  `stockTotal` int(5) NOT NULL,
  PRIMARY KEY (`idVendeur`)
) ENGINE=InnoDB DEFAULT CHARSET=latin1 AUTO_INCREMENT=1 ;

-- --------------------------------------------------------

--
-- Structure de la table `vente`
--

CREATE TABLE IF NOT EXISTS `vente` (
  `idVente` int(4) NOT NULL AUTO_INCREMENT,
  `refObjet` int(4) NOT NULL,
  `dateVente` timestamp NOT NULL DEFAULT CURRENT_TIMESTAMP,
  `prixVente` decimal(6,0) DEFAULT '0',
  `acheteur` varchar(30) COLLATE utf8_unicode_ci NOT NULL DEFAULT 'anonymous',
  PRIMARY KEY (`idVente`),
  KEY `FOREIGN KEY OBJET` (`refObjet`) COMMENT 'Reference d''un objet'
) ENGINE=InnoDB  DEFAULT CHARSET=utf8 COLLATE=utf8_unicode_ci AUTO_INCREMENT=1801 ;

--
-- Contenu de la table `vente`
--

INSERT INTO `vente` (`idVente`, `refObjet`, `dateVente`, `prixVente`, `acheteur`) VALUES
(1, 1, '2013-12-07 16:12:38', '67', 'buyer'),
(2, 1, '2013-12-07 16:12:38', '67', 'buyer'),
(3, 1, '2013-12-07 16:12:38', '67', 'buyer'),
(4, 1, '2013-12-07 16:12:38', '67', 'buyer'),
(5, 1, '2013-12-07 16:12:38', '67', 'buyer'),
(6, 1, '2013-12-07 16:12:38', '67', 'buyer'),
(7, 1, '2013-11-30 16:12:38', '63', 'buyer'),
(8, 1, '2013-11-30 16:12:38', '63', 'buyer'),
(9, 1, '2013-11-30 16:12:38', '63', 'buyer'),
(10, 1, '2013-11-30 16:12:38', '63', 'buyer'),
(11, 1, '2013-11-30 16:12:38', '63', 'buyer'),
(12, 1, '2013-11-30 16:12:38', '63', 'buyer'),
(13, 1, '2013-11-23 16:12:38', '74', 'buyer'),
(14, 1, '2013-11-23 16:12:38', '74', 'buyer'),
(15, 1, '2013-11-23 16:12:38', '74', 'buyer'),
(16, 1, '2013-11-23 16:12:38', '74', 'buyer'),
(17, 1, '2013-11-23 16:12:38', '74', 'buyer'),
(18, 1, '2013-11-23 16:12:38', '74', 'buyer'),
(19, 1, '2013-11-16 16:12:38', '67', 'buyer'),
(20, 1, '2013-11-16 16:12:38', '67', 'buyer'),
(21, 1, '2013-11-16 16:12:38', '67', 'buyer'),
(22, 1, '2013-11-16 16:12:38', '67', 'buyer'),
(23, 1, '2013-11-16 16:12:38', '67', 'buyer'),
(24, 1, '2013-11-16 16:12:38', '67', 'buyer'),
(25, 1, '2013-11-09 16:12:38', '57', 'buyer'),
(26, 1, '2013-11-09 16:12:38', '57', 'buyer'),
(27, 1, '2013-11-09 16:12:38', '57', 'buyer'),
(28, 1, '2013-11-09 16:12:38', '57', 'buyer'),
(29, 1, '2013-11-09 16:12:38', '57', 'buyer'),
(30, 1, '2013-11-09 16:12:38', '57', 'buyer'),
(31, 1, '2013-11-02 16:12:38', '55', 'buyer'),
(32, 1, '2013-11-02 16:12:38', '55', 'buyer'),
(33, 1, '2013-11-02 16:12:38', '55', 'buyer'),
(34, 1, '2013-11-02 16:12:38', '55', 'buyer'),
(35, 1, '2013-11-02 16:12:38', '55', 'buyer'),
(36, 1, '2013-11-02 16:12:38', '55', 'buyer'),
(37, 2, '2013-12-07 16:12:38', '66', 'buyer'),
(38, 2, '2013-12-07 16:12:38', '66', 'buyer'),
(39, 2, '2013-12-07 16:12:38', '66', 'buyer'),
(40, 2, '2013-12-07 16:12:38', '66', 'buyer'),
(41, 2, '2013-12-07 16:12:38', '66', 'buyer'),
(42, 2, '2013-12-07 16:12:38', '66', 'buyer'),
(43, 2, '2013-11-30 16:12:38', '64', 'buyer'),
(44, 2, '2013-11-30 16:12:38', '64', 'buyer'),
(45, 2, '2013-11-30 16:12:38', '64', 'buyer'),
(46, 2, '2013-11-30 16:12:38', '64', 'buyer'),
(47, 2, '2013-11-30 16:12:38', '64', 'buyer'),
(48, 2, '2013-11-30 16:12:38', '64', 'buyer'),
(49, 2, '2013-11-23 16:12:38', '75', 'buyer'),
(50, 2, '2013-11-23 16:12:38', '75', 'buyer'),
(51, 2, '2013-11-23 16:12:38', '75', 'buyer'),
(52, 2, '2013-11-23 16:12:38', '75', 'buyer'),
(53, 2, '2013-11-23 16:12:38', '75', 'buyer'),
(54, 2, '2013-11-23 16:12:38', '75', 'buyer'),
(55, 2, '2013-11-16 16:12:38', '61', 'buyer'),
(56, 2, '2013-11-16 16:12:38', '61', 'buyer'),
(57, 2, '2013-11-16 16:12:38', '61', 'buyer'),
(58, 2, '2013-11-16 16:12:38', '61', 'buyer'),
(59, 2, '2013-11-16 16:12:38', '61', 'buyer'),
(60, 2, '2013-11-16 16:12:38', '61', 'buyer'),
(61, 2, '2013-11-09 16:12:38', '75', 'buyer'),
(62, 2, '2013-11-09 16:12:38', '75', 'buyer'),
(63, 2, '2013-11-09 16:12:38', '75', 'buyer'),
(64, 2, '2013-11-09 16:12:38', '75', 'buyer'),
(65, 2, '2013-11-09 16:12:38', '75', 'buyer'),
(66, 2, '2013-11-09 16:12:38', '75', 'buyer'),
(67, 2, '2013-11-02 16:12:38', '75', 'buyer'),
(68, 2, '2013-11-02 16:12:38', '75', 'buyer'),
(69, 2, '2013-11-02 16:12:38', '75', 'buyer'),
(70, 2, '2013-11-02 16:12:38', '75', 'buyer'),
(71, 2, '2013-11-02 16:12:38', '75', 'buyer'),
(72, 2, '2013-11-02 16:12:38', '75', 'buyer'),
(73, 3, '2013-12-07 16:12:38', '68', 'buyer'),
(74, 3, '2013-12-07 16:12:38', '68', 'buyer'),
(75, 3, '2013-12-07 16:12:38', '68', 'buyer'),
(76, 3, '2013-12-07 16:12:38', '68', 'buyer'),
(77, 3, '2013-12-07 16:12:38', '68', 'buyer'),
(78, 3, '2013-12-07 16:12:38', '68', 'buyer'),
(79, 3, '2013-11-30 16:12:38', '61', 'buyer'),
(80, 3, '2013-11-30 16:12:38', '61', 'buyer'),
(81, 3, '2013-11-30 16:12:38', '61', 'buyer'),
(82, 3, '2013-11-30 16:12:38', '61', 'buyer'),
(83, 3, '2013-11-30 16:12:38', '61', 'buyer'),
(84, 3, '2013-11-30 16:12:38', '61', 'buyer'),
(85, 3, '2013-11-23 16:12:38', '67', 'buyer'),
(86, 3, '2013-11-23 16:12:38', '67', 'buyer'),
(87, 3, '2013-11-23 16:12:38', '67', 'buyer'),
(88, 3, '2013-11-23 16:12:38', '67', 'buyer'),
(89, 3, '2013-11-23 16:12:38', '67', 'buyer'),
(90, 3, '2013-11-23 16:12:38', '67', 'buyer'),
(91, 3, '2013-11-16 16:12:38', '68', 'buyer'),
(92, 3, '2013-11-16 16:12:38', '68', 'buyer'),
(93, 3, '2013-11-16 16:12:38', '68', 'buyer'),
(94, 3, '2013-11-16 16:12:38', '68', 'buyer'),
(95, 3, '2013-11-16 16:12:38', '68', 'buyer'),
(96, 3, '2013-11-16 16:12:38', '68', 'buyer'),
(97, 3, '2013-11-09 16:12:38', '61', 'buyer'),
(98, 3, '2013-11-09 16:12:38', '61', 'buyer'),
(99, 3, '2013-11-09 16:12:38', '61', 'buyer'),
(100, 3, '2013-11-09 16:12:38', '61', 'buyer'),
(101, 3, '2013-11-09 16:12:38', '61', 'buyer'),
(102, 3, '2013-11-09 16:12:38', '61', 'buyer'),
(103, 3, '2013-11-02 16:12:38', '62', 'buyer'),
(104, 3, '2013-11-02 16:12:38', '62', 'buyer'),
(105, 3, '2013-11-02 16:12:38', '62', 'buyer'),
(106, 3, '2013-11-02 16:12:38', '62', 'buyer'),
(107, 3, '2013-11-02 16:12:38', '62', 'buyer'),
(108, 3, '2013-11-02 16:12:38', '62', 'buyer'),
(109, 4, '2013-12-07 16:12:38', '71', 'buyer'),
(110, 4, '2013-12-07 16:12:38', '71', 'buyer'),
(111, 4, '2013-12-07 16:12:38', '71', 'buyer'),
(112, 4, '2013-12-07 16:12:38', '71', 'buyer'),
(113, 4, '2013-12-07 16:12:38', '71', 'buyer'),
(114, 4, '2013-12-07 16:12:38', '71', 'buyer'),
(115, 4, '2013-11-30 16:12:38', '58', 'buyer'),
(116, 4, '2013-11-30 16:12:38', '58', 'buyer'),
(117, 4, '2013-11-30 16:12:38', '58', 'buyer'),
(118, 4, '2013-11-30 16:12:38', '58', 'buyer'),
(119, 4, '2013-11-30 16:12:38', '58', 'buyer'),
(120, 4, '2013-11-30 16:12:38', '58', 'buyer'),
(121, 4, '2013-11-23 16:12:38', '59', 'buyer'),
(122, 4, '2013-11-23 16:12:38', '59', 'buyer'),
(123, 4, '2013-11-23 16:12:38', '59', 'buyer'),
(124, 4, '2013-11-23 16:12:38', '59', 'buyer'),
(125, 4, '2013-11-23 16:12:38', '59', 'buyer'),
(126, 4, '2013-11-23 16:12:38', '59', 'buyer'),
(127, 4, '2013-11-16 16:12:38', '74', 'buyer'),
(128, 4, '2013-11-16 16:12:38', '74', 'buyer'),
(129, 4, '2013-11-16 16:12:38', '74', 'buyer'),
(130, 4, '2013-11-16 16:12:38', '74', 'buyer'),
(131, 4, '2013-11-16 16:12:38', '74', 'buyer'),
(132, 4, '2013-11-16 16:12:38', '74', 'buyer'),
(133, 4, '2013-11-09 16:12:38', '58', 'buyer'),
(134, 4, '2013-11-09 16:12:38', '58', 'buyer'),
(135, 4, '2013-11-09 16:12:38', '58', 'buyer'),
(136, 4, '2013-11-09 16:12:38', '58', 'buyer'),
(137, 4, '2013-11-09 16:12:38', '58', 'buyer'),
(138, 4, '2013-11-09 16:12:38', '58', 'buyer'),
(139, 4, '2013-11-02 16:12:38', '67', 'buyer'),
(140, 4, '2013-11-02 16:12:38', '67', 'buyer'),
(141, 4, '2013-11-02 16:12:38', '67', 'buyer'),
(142, 4, '2013-11-02 16:12:38', '67', 'buyer'),
(143, 4, '2013-11-02 16:12:38', '67', 'buyer'),
(144, 4, '2013-11-02 16:12:38', '67', 'buyer'),
(145, 5, '2013-12-07 16:12:38', '65', 'buyer'),
(146, 5, '2013-12-07 16:12:38', '65', 'buyer'),
(147, 5, '2013-12-07 16:12:38', '65', 'buyer'),
(148, 5, '2013-12-07 16:12:38', '65', 'buyer'),
(149, 5, '2013-12-07 16:12:38', '65', 'buyer'),
(150, 5, '2013-12-07 16:12:38', '65', 'buyer'),
(151, 5, '2013-11-30 16:12:38', '67', 'buyer'),
(152, 5, '2013-11-30 16:12:38', '67', 'buyer'),
(153, 5, '2013-11-30 16:12:38', '67', 'buyer'),
(154, 5, '2013-11-30 16:12:38', '67', 'buyer'),
(155, 5, '2013-11-30 16:12:38', '67', 'buyer'),
(156, 5, '2013-11-30 16:12:38', '67', 'buyer'),
(157, 5, '2013-11-23 16:12:38', '72', 'buyer'),
(158, 5, '2013-11-23 16:12:38', '72', 'buyer'),
(159, 5, '2013-11-23 16:12:38', '72', 'buyer'),
(160, 5, '2013-11-23 16:12:38', '72', 'buyer'),
(161, 5, '2013-11-23 16:12:38', '72', 'buyer'),
(162, 5, '2013-11-23 16:12:38', '72', 'buyer'),
(163, 5, '2013-11-16 16:12:38', '73', 'buyer'),
(164, 5, '2013-11-16 16:12:38', '73', 'buyer'),
(165, 5, '2013-11-16 16:12:38', '73', 'buyer'),
(166, 5, '2013-11-16 16:12:38', '73', 'buyer'),
(167, 5, '2013-11-16 16:12:38', '73', 'buyer'),
(168, 5, '2013-11-16 16:12:38', '73', 'buyer'),
(169, 5, '2013-11-09 16:12:38', '63', 'buyer'),
(170, 5, '2013-11-09 16:12:38', '63', 'buyer'),
(171, 5, '2013-11-09 16:12:38', '63', 'buyer'),
(172, 5, '2013-11-09 16:12:38', '63', 'buyer'),
(173, 5, '2013-11-09 16:12:38', '63', 'buyer'),
(174, 5, '2013-11-09 16:12:38', '63', 'buyer'),
(175, 5, '2013-11-02 16:12:38', '57', 'buyer'),
(176, 5, '2013-11-02 16:12:38', '57', 'buyer'),
(177, 5, '2013-11-02 16:12:38', '57', 'buyer'),
(178, 5, '2013-11-02 16:12:38', '57', 'buyer'),
(179, 5, '2013-11-02 16:12:38', '57', 'buyer'),
(180, 5, '2013-11-02 16:12:38', '57', 'buyer'),
(181, 6, '2013-12-07 16:12:38', '70', 'buyer'),
(182, 6, '2013-12-07 16:12:38', '70', 'buyer'),
(183, 6, '2013-12-07 16:12:38', '70', 'buyer'),
(184, 6, '2013-12-07 16:12:38', '70', 'buyer'),
(185, 6, '2013-12-07 16:12:38', '70', 'buyer'),
(186, 6, '2013-12-07 16:12:38', '70', 'buyer'),
(187, 6, '2013-11-30 16:12:38', '70', 'buyer'),
(188, 6, '2013-11-30 16:12:38', '70', 'buyer'),
(189, 6, '2013-11-30 16:12:38', '70', 'buyer'),
(190, 6, '2013-11-30 16:12:38', '70', 'buyer'),
(191, 6, '2013-11-30 16:12:38', '70', 'buyer'),
(192, 6, '2013-11-30 16:12:38', '70', 'buyer'),
(193, 6, '2013-11-23 16:12:38', '65', 'buyer'),
(194, 6, '2013-11-23 16:12:38', '65', 'buyer'),
(195, 6, '2013-11-23 16:12:38', '65', 'buyer'),
(196, 6, '2013-11-23 16:12:38', '65', 'buyer'),
(197, 6, '2013-11-23 16:12:38', '65', 'buyer'),
(198, 6, '2013-11-23 16:12:38', '65', 'buyer'),
(199, 6, '2013-11-16 16:12:38', '68', 'buyer'),
(200, 6, '2013-11-16 16:12:38', '68', 'buyer'),
(201, 6, '2013-11-16 16:12:38', '68', 'buyer'),
(202, 6, '2013-11-16 16:12:38', '68', 'buyer'),
(203, 6, '2013-11-16 16:12:38', '68', 'buyer'),
(204, 6, '2013-11-16 16:12:38', '68', 'buyer'),
(205, 6, '2013-11-09 16:12:38', '66', 'buyer'),
(206, 6, '2013-11-09 16:12:38', '66', 'buyer'),
(207, 6, '2013-11-09 16:12:38', '66', 'buyer'),
(208, 6, '2013-11-09 16:12:38', '66', 'buyer'),
(209, 6, '2013-11-09 16:12:38', '66', 'buyer'),
(210, 6, '2013-11-09 16:12:38', '66', 'buyer'),
(211, 6, '2013-11-02 16:12:38', '69', 'buyer'),
(212, 6, '2013-11-02 16:12:38', '69', 'buyer'),
(213, 6, '2013-11-02 16:12:38', '69', 'buyer'),
(214, 6, '2013-11-02 16:12:38', '69', 'buyer'),
(215, 6, '2013-11-02 16:12:38', '69', 'buyer'),
(216, 6, '2013-11-02 16:12:38', '69', 'buyer'),
(217, 7, '2013-12-07 16:12:38', '75', 'buyer'),
(218, 7, '2013-12-07 16:12:38', '75', 'buyer'),
(219, 7, '2013-12-07 16:12:38', '75', 'buyer'),
(220, 7, '2013-12-07 16:12:38', '75', 'buyer'),
(221, 7, '2013-12-07 16:12:38', '75', 'buyer'),
(222, 7, '2013-12-07 16:12:38', '75', 'buyer'),
(223, 7, '2013-11-30 16:12:38', '67', 'buyer'),
(224, 7, '2013-11-30 16:12:38', '67', 'buyer'),
(225, 7, '2013-11-30 16:12:38', '67', 'buyer'),
(226, 7, '2013-11-30 16:12:38', '67', 'buyer'),
(227, 7, '2013-11-30 16:12:38', '67', 'buyer'),
(228, 7, '2013-11-30 16:12:38', '67', 'buyer'),
(229, 7, '2013-11-23 16:12:38', '74', 'buyer'),
(230, 7, '2013-11-23 16:12:38', '74', 'buyer'),
(231, 7, '2013-11-23 16:12:38', '74', 'buyer'),
(232, 7, '2013-11-23 16:12:38', '74', 'buyer'),
(233, 7, '2013-11-23 16:12:38', '74', 'buyer'),
(234, 7, '2013-11-23 16:12:38', '74', 'buyer'),
(235, 7, '2013-11-16 16:12:38', '65', 'buyer'),
(236, 7, '2013-11-16 16:12:38', '65', 'buyer'),
(237, 7, '2013-11-16 16:12:38', '65', 'buyer'),
(238, 7, '2013-11-16 16:12:38', '65', 'buyer'),
(239, 7, '2013-11-16 16:12:38', '65', 'buyer'),
(240, 7, '2013-11-16 16:12:38', '65', 'buyer'),
(241, 7, '2013-11-09 16:12:38', '68', 'buyer'),
(242, 7, '2013-11-09 16:12:38', '68', 'buyer'),
(243, 7, '2013-11-09 16:12:38', '68', 'buyer'),
(244, 7, '2013-11-09 16:12:38', '68', 'buyer'),
(245, 7, '2013-11-09 16:12:38', '68', 'buyer'),
(246, 7, '2013-11-09 16:12:38', '68', 'buyer'),
(247, 7, '2013-11-02 16:12:38', '65', 'buyer'),
(248, 7, '2013-11-02 16:12:38', '65', 'buyer'),
(249, 7, '2013-11-02 16:12:38', '65', 'buyer'),
(250, 7, '2013-11-02 16:12:38', '65', 'buyer'),
(251, 7, '2013-11-02 16:12:38', '65', 'buyer'),
(252, 7, '2013-11-02 16:12:38', '65', 'buyer'),
(253, 8, '2013-12-07 16:12:38', '59', 'buyer'),
(254, 8, '2013-12-07 16:12:38', '59', 'buyer'),
(255, 8, '2013-12-07 16:12:38', '59', 'buyer'),
(256, 8, '2013-12-07 16:12:38', '59', 'buyer'),
(257, 8, '2013-12-07 16:12:38', '59', 'buyer'),
(258, 8, '2013-12-07 16:12:38', '59', 'buyer'),
(259, 8, '2013-11-30 16:12:38', '68', 'buyer'),
(260, 8, '2013-11-30 16:12:38', '68', 'buyer'),
(261, 8, '2013-11-30 16:12:38', '68', 'buyer'),
(262, 8, '2013-11-30 16:12:38', '68', 'buyer'),
(263, 8, '2013-11-30 16:12:38', '68', 'buyer'),
(264, 8, '2013-11-30 16:12:38', '68', 'buyer'),
(265, 8, '2013-11-23 16:12:38', '59', 'buyer'),
(266, 8, '2013-11-23 16:12:38', '59', 'buyer'),
(267, 8, '2013-11-23 16:12:38', '59', 'buyer'),
(268, 8, '2013-11-23 16:12:38', '59', 'buyer'),
(269, 8, '2013-11-23 16:12:38', '59', 'buyer'),
(270, 8, '2013-11-23 16:12:38', '59', 'buyer'),
(271, 8, '2013-11-16 16:12:38', '68', 'buyer'),
(272, 8, '2013-11-16 16:12:38', '68', 'buyer'),
(273, 8, '2013-11-16 16:12:38', '68', 'buyer'),
(274, 8, '2013-11-16 16:12:38', '68', 'buyer'),
(275, 8, '2013-11-16 16:12:38', '68', 'buyer'),
(276, 8, '2013-11-16 16:12:38', '68', 'buyer'),
(277, 8, '2013-11-09 16:12:38', '72', 'buyer'),
(278, 8, '2013-11-09 16:12:38', '72', 'buyer'),
(279, 8, '2013-11-09 16:12:38', '72', 'buyer'),
(280, 8, '2013-11-09 16:12:38', '72', 'buyer'),
(281, 8, '2013-11-09 16:12:38', '72', 'buyer'),
(282, 8, '2013-11-09 16:12:38', '72', 'buyer'),
(283, 8, '2013-11-02 16:12:39', '64', 'buyer'),
(284, 8, '2013-11-02 16:12:39', '64', 'buyer'),
(285, 8, '2013-11-02 16:12:39', '64', 'buyer'),
(286, 8, '2013-11-02 16:12:39', '64', 'buyer'),
(287, 8, '2013-11-02 16:12:39', '64', 'buyer'),
(288, 8, '2013-11-02 16:12:39', '64', 'buyer'),
(289, 9, '2013-12-07 16:12:39', '70', 'buyer'),
(290, 9, '2013-12-07 16:12:39', '70', 'buyer'),
(291, 9, '2013-12-07 16:12:39', '70', 'buyer'),
(292, 9, '2013-12-07 16:12:39', '70', 'buyer'),
(293, 9, '2013-12-07 16:12:39', '70', 'buyer'),
(294, 9, '2013-12-07 16:12:39', '70', 'buyer'),
(295, 9, '2013-11-30 16:12:39', '58', 'buyer'),
(296, 9, '2013-11-30 16:12:39', '58', 'buyer'),
(297, 9, '2013-11-30 16:12:39', '58', 'buyer'),
(298, 9, '2013-11-30 16:12:39', '58', 'buyer'),
(299, 9, '2013-11-30 16:12:39', '58', 'buyer'),
(300, 9, '2013-11-30 16:12:39', '58', 'buyer'),
(301, 9, '2013-11-23 16:12:39', '72', 'buyer'),
(302, 9, '2013-11-23 16:12:39', '72', 'buyer'),
(303, 9, '2013-11-23 16:12:39', '72', 'buyer'),
(304, 9, '2013-11-23 16:12:39', '72', 'buyer'),
(305, 9, '2013-11-23 16:12:39', '72', 'buyer'),
(306, 9, '2013-11-23 16:12:39', '72', 'buyer'),
(307, 9, '2013-11-16 16:12:39', '57', 'buyer'),
(308, 9, '2013-11-16 16:12:39', '57', 'buyer'),
(309, 9, '2013-11-16 16:12:39', '57', 'buyer'),
(310, 9, '2013-11-16 16:12:39', '57', 'buyer'),
(311, 9, '2013-11-16 16:12:39', '57', 'buyer'),
(312, 9, '2013-11-16 16:12:39', '57', 'buyer'),
(313, 9, '2013-11-09 16:12:39', '56', 'buyer'),
(314, 9, '2013-11-09 16:12:39', '56', 'buyer'),
(315, 9, '2013-11-09 16:12:39', '56', 'buyer'),
(316, 9, '2013-11-09 16:12:39', '56', 'buyer'),
(317, 9, '2013-11-09 16:12:39', '56', 'buyer'),
(318, 9, '2013-11-09 16:12:39', '56', 'buyer'),
(319, 9, '2013-11-02 16:12:39', '74', 'buyer'),
(320, 9, '2013-11-02 16:12:39', '74', 'buyer'),
(321, 9, '2013-11-02 16:12:39', '74', 'buyer'),
(322, 9, '2013-11-02 16:12:39', '74', 'buyer'),
(323, 9, '2013-11-02 16:12:39', '74', 'buyer'),
(324, 9, '2013-11-02 16:12:39', '74', 'buyer'),
(325, 10, '2013-12-07 16:12:39', '56', 'buyer'),
(326, 10, '2013-12-07 16:12:39', '56', 'buyer'),
(327, 10, '2013-12-07 16:12:39', '56', 'buyer'),
(328, 10, '2013-12-07 16:12:39', '56', 'buyer'),
(329, 10, '2013-12-07 16:12:39', '56', 'buyer'),
(330, 10, '2013-12-07 16:12:39', '56', 'buyer'),
(331, 10, '2013-11-30 16:12:39', '67', 'buyer'),
(332, 10, '2013-11-30 16:12:39', '67', 'buyer'),
(333, 10, '2013-11-30 16:12:39', '67', 'buyer'),
(334, 10, '2013-11-30 16:12:39', '67', 'buyer'),
(335, 10, '2013-11-30 16:12:39', '67', 'buyer'),
(336, 10, '2013-11-30 16:12:39', '67', 'buyer'),
(337, 10, '2013-11-23 16:12:39', '59', 'buyer'),
(338, 10, '2013-11-23 16:12:39', '59', 'buyer'),
(339, 10, '2013-11-23 16:12:39', '59', 'buyer'),
(340, 10, '2013-11-23 16:12:39', '59', 'buyer'),
(341, 10, '2013-11-23 16:12:39', '59', 'buyer'),
(342, 10, '2013-11-23 16:12:39', '59', 'buyer'),
(343, 10, '2013-11-16 16:12:39', '66', 'buyer'),
(344, 10, '2013-11-16 16:12:39', '66', 'buyer'),
(345, 10, '2013-11-16 16:12:39', '66', 'buyer'),
(346, 10, '2013-11-16 16:12:39', '66', 'buyer'),
(347, 10, '2013-11-16 16:12:39', '66', 'buyer'),
(348, 10, '2013-11-16 16:12:39', '66', 'buyer'),
(349, 10, '2013-11-09 16:12:39', '67', 'buyer'),
(350, 10, '2013-11-09 16:12:39', '67', 'buyer'),
(351, 10, '2013-11-09 16:12:39', '67', 'buyer'),
(352, 10, '2013-11-09 16:12:39', '67', 'buyer'),
(353, 10, '2013-11-09 16:12:39', '67', 'buyer'),
(354, 10, '2013-11-09 16:12:39', '67', 'buyer'),
(355, 10, '2013-11-02 16:12:39', '56', 'buyer'),
(356, 10, '2013-11-02 16:12:39', '56', 'buyer'),
(357, 10, '2013-11-02 16:12:39', '56', 'buyer'),
(358, 10, '2013-11-02 16:12:39', '56', 'buyer'),
(359, 10, '2013-11-02 16:12:39', '56', 'buyer'),
(360, 10, '2013-11-02 16:12:39', '56', 'buyer'),
(361, 12, '2013-12-07 16:12:39', '62', 'buyer'),
(362, 12, '2013-12-07 16:12:39', '62', 'buyer'),
(363, 12, '2013-12-07 16:12:39', '62', 'buyer'),
(364, 12, '2013-12-07 16:12:39', '62', 'buyer'),
(365, 12, '2013-12-07 16:12:39', '62', 'buyer'),
(366, 12, '2013-12-07 16:12:39', '62', 'buyer'),
(367, 12, '2013-11-30 16:12:39', '64', 'buyer'),
(368, 12, '2013-11-30 16:12:39', '64', 'buyer'),
(369, 12, '2013-11-30 16:12:39', '64', 'buyer'),
(370, 12, '2013-11-30 16:12:39', '64', 'buyer'),
(371, 12, '2013-11-30 16:12:39', '64', 'buyer'),
(372, 12, '2013-11-30 16:12:39', '64', 'buyer'),
(373, 12, '2013-11-23 16:12:39', '67', 'buyer'),
(374, 12, '2013-11-23 16:12:39', '67', 'buyer'),
(375, 12, '2013-11-23 16:12:39', '67', 'buyer'),
(376, 12, '2013-11-23 16:12:39', '67', 'buyer'),
(377, 12, '2013-11-23 16:12:39', '67', 'buyer'),
(378, 12, '2013-11-23 16:12:39', '67', 'buyer'),
(379, 12, '2013-11-16 16:12:39', '62', 'buyer'),
(380, 12, '2013-11-16 16:12:39', '62', 'buyer'),
(381, 12, '2013-11-16 16:12:39', '62', 'buyer'),
(382, 12, '2013-11-16 16:12:39', '62', 'buyer'),
(383, 12, '2013-11-16 16:12:39', '62', 'buyer'),
(384, 12, '2013-11-16 16:12:39', '62', 'buyer'),
(385, 12, '2013-11-09 16:12:39', '62', 'buyer'),
(386, 12, '2013-11-09 16:12:39', '62', 'buyer'),
(387, 12, '2013-11-09 16:12:39', '62', 'buyer'),
(388, 12, '2013-11-09 16:12:39', '62', 'buyer'),
(389, 12, '2013-11-09 16:12:39', '62', 'buyer'),
(390, 12, '2013-11-09 16:12:39', '62', 'buyer'),
(391, 12, '2013-11-02 16:12:39', '71', 'buyer'),
(392, 12, '2013-11-02 16:12:39', '71', 'buyer'),
(393, 12, '2013-11-02 16:12:39', '71', 'buyer'),
(394, 12, '2013-11-02 16:12:39', '71', 'buyer'),
(395, 12, '2013-11-02 16:12:39', '71', 'buyer'),
(396, 12, '2013-11-02 16:12:39', '71', 'buyer'),
(397, 13, '2013-12-07 16:12:39', '62', 'buyer'),
(398, 13, '2013-12-07 16:12:39', '62', 'buyer'),
(399, 13, '2013-12-07 16:12:39', '62', 'buyer'),
(400, 13, '2013-12-07 16:12:39', '62', 'buyer'),
(401, 13, '2013-12-07 16:12:39', '62', 'buyer'),
(402, 13, '2013-12-07 16:12:39', '62', 'buyer'),
(403, 13, '2013-11-30 16:12:39', '69', 'buyer'),
(404, 13, '2013-11-30 16:12:39', '69', 'buyer'),
(405, 13, '2013-11-30 16:12:39', '69', 'buyer'),
(406, 13, '2013-11-30 16:12:39', '69', 'buyer'),
(407, 13, '2013-11-30 16:12:39', '69', 'buyer'),
(408, 13, '2013-11-30 16:12:39', '69', 'buyer'),
(409, 13, '2013-11-23 16:12:39', '66', 'buyer'),
(410, 13, '2013-11-23 16:12:39', '66', 'buyer'),
(411, 13, '2013-11-23 16:12:39', '66', 'buyer'),
(412, 13, '2013-11-23 16:12:39', '66', 'buyer'),
(413, 13, '2013-11-23 16:12:39', '66', 'buyer'),
(414, 13, '2013-11-23 16:12:39', '66', 'buyer'),
(415, 13, '2013-11-16 16:12:39', '59', 'buyer'),
(416, 13, '2013-11-16 16:12:39', '59', 'buyer'),
(417, 13, '2013-11-16 16:12:39', '59', 'buyer'),
(418, 13, '2013-11-16 16:12:39', '59', 'buyer'),
(419, 13, '2013-11-16 16:12:39', '59', 'buyer'),
(420, 13, '2013-11-16 16:12:39', '59', 'buyer'),
(421, 13, '2013-11-09 16:12:39', '62', 'buyer'),
(422, 13, '2013-11-09 16:12:39', '62', 'buyer'),
(423, 13, '2013-11-09 16:12:39', '62', 'buyer'),
(424, 13, '2013-11-09 16:12:39', '62', 'buyer'),
(425, 13, '2013-11-09 16:12:39', '62', 'buyer'),
(426, 13, '2013-11-09 16:12:39', '62', 'buyer'),
(427, 13, '2013-11-02 16:12:39', '66', 'buyer'),
(428, 13, '2013-11-02 16:12:39', '66', 'buyer'),
(429, 13, '2013-11-02 16:12:39', '66', 'buyer'),
(430, 13, '2013-11-02 16:12:39', '66', 'buyer'),
(431, 13, '2013-11-02 16:12:39', '66', 'buyer'),
(432, 13, '2013-11-02 16:12:39', '66', 'buyer'),
(433, 14, '2013-12-07 16:12:39', '75', 'buyer'),
(434, 14, '2013-12-07 16:12:39', '75', 'buyer'),
(435, 14, '2013-12-07 16:12:39', '75', 'buyer'),
(436, 14, '2013-12-07 16:12:39', '75', 'buyer'),
(437, 14, '2013-12-07 16:12:39', '75', 'buyer'),
(438, 14, '2013-12-07 16:12:39', '75', 'buyer'),
(439, 14, '2013-11-30 16:12:39', '62', 'buyer'),
(440, 14, '2013-11-30 16:12:39', '62', 'buyer'),
(441, 14, '2013-11-30 16:12:39', '62', 'buyer'),
(442, 14, '2013-11-30 16:12:39', '62', 'buyer'),
(443, 14, '2013-11-30 16:12:39', '62', 'buyer'),
(444, 14, '2013-11-30 16:12:39', '62', 'buyer'),
(445, 14, '2013-11-23 16:12:39', '68', 'buyer'),
(446, 14, '2013-11-23 16:12:39', '68', 'buyer'),
(447, 14, '2013-11-23 16:12:39', '68', 'buyer'),
(448, 14, '2013-11-23 16:12:39', '68', 'buyer'),
(449, 14, '2013-11-23 16:12:39', '68', 'buyer'),
(450, 14, '2013-11-23 16:12:39', '68', 'buyer'),
(451, 14, '2013-11-16 16:12:39', '72', 'buyer'),
(452, 14, '2013-11-16 16:12:39', '72', 'buyer'),
(453, 14, '2013-11-16 16:12:39', '72', 'buyer'),
(454, 14, '2013-11-16 16:12:39', '72', 'buyer'),
(455, 14, '2013-11-16 16:12:39', '72', 'buyer'),
(456, 14, '2013-11-16 16:12:39', '72', 'buyer'),
(457, 14, '2013-11-09 16:12:39', '61', 'buyer'),
(458, 14, '2013-11-09 16:12:39', '61', 'buyer'),
(459, 14, '2013-11-09 16:12:39', '61', 'buyer'),
(460, 14, '2013-11-09 16:12:39', '61', 'buyer'),
(461, 14, '2013-11-09 16:12:39', '61', 'buyer'),
(462, 14, '2013-11-09 16:12:39', '61', 'buyer'),
(463, 14, '2013-11-02 16:12:39', '57', 'buyer'),
(464, 14, '2013-11-02 16:12:39', '57', 'buyer'),
(465, 14, '2013-11-02 16:12:39', '57', 'buyer'),
(466, 14, '2013-11-02 16:12:39', '57', 'buyer'),
(467, 14, '2013-11-02 16:12:39', '57', 'buyer'),
(468, 14, '2013-11-02 16:12:39', '57', 'buyer'),
(469, 15, '2013-12-07 16:12:39', '72', 'buyer'),
(470, 15, '2013-12-07 16:12:39', '72', 'buyer'),
(471, 15, '2013-12-07 16:12:39', '72', 'buyer'),
(472, 15, '2013-12-07 16:12:39', '72', 'buyer'),
(473, 15, '2013-12-07 16:12:39', '72', 'buyer'),
(474, 15, '2013-12-07 16:12:39', '72', 'buyer'),
(475, 15, '2013-11-30 16:12:39', '56', 'buyer'),
(476, 15, '2013-11-30 16:12:39', '56', 'buyer'),
(477, 15, '2013-11-30 16:12:39', '56', 'buyer'),
(478, 15, '2013-11-30 16:12:39', '56', 'buyer'),
(479, 15, '2013-11-30 16:12:39', '56', 'buyer'),
(480, 15, '2013-11-30 16:12:39', '56', 'buyer'),
(481, 15, '2013-11-23 16:12:39', '59', 'buyer'),
(482, 15, '2013-11-23 16:12:39', '59', 'buyer'),
(483, 15, '2013-11-23 16:12:39', '59', 'buyer'),
(484, 15, '2013-11-23 16:12:39', '59', 'buyer'),
(485, 15, '2013-11-23 16:12:39', '59', 'buyer'),
(486, 15, '2013-11-23 16:12:39', '59', 'buyer'),
(487, 15, '2013-11-16 16:12:39', '70', 'buyer'),
(488, 15, '2013-11-16 16:12:39', '70', 'buyer'),
(489, 15, '2013-11-16 16:12:39', '70', 'buyer'),
(490, 15, '2013-11-16 16:12:39', '70', 'buyer'),
(491, 15, '2013-11-16 16:12:39', '70', 'buyer'),
(492, 15, '2013-11-16 16:12:39', '70', 'buyer'),
(493, 15, '2013-11-09 16:12:39', '72', 'buyer'),
(494, 15, '2013-11-09 16:12:39', '72', 'buyer'),
(495, 15, '2013-11-09 16:12:39', '72', 'buyer'),
(496, 15, '2013-11-09 16:12:39', '72', 'buyer'),
(497, 15, '2013-11-09 16:12:39', '72', 'buyer'),
(498, 15, '2013-11-09 16:12:39', '72', 'buyer'),
(499, 15, '2013-11-02 16:12:39', '71', 'buyer'),
(500, 15, '2013-11-02 16:12:39', '71', 'buyer'),
(501, 15, '2013-11-02 16:12:39', '71', 'buyer'),
(502, 15, '2013-11-02 16:12:39', '71', 'buyer'),
(503, 15, '2013-11-02 16:12:39', '71', 'buyer'),
(504, 15, '2013-11-02 16:12:39', '71', 'buyer'),
(505, 16, '2013-12-07 16:12:39', '56', 'buyer'),
(506, 16, '2013-12-07 16:12:39', '56', 'buyer'),
(507, 16, '2013-12-07 16:12:39', '56', 'buyer'),
(508, 16, '2013-12-07 16:12:39', '56', 'buyer'),
(509, 16, '2013-12-07 16:12:39', '56', 'buyer'),
(510, 16, '2013-12-07 16:12:39', '56', 'buyer'),
(511, 16, '2013-11-30 16:12:39', '56', 'buyer'),
(512, 16, '2013-11-30 16:12:39', '56', 'buyer'),
(513, 16, '2013-11-30 16:12:39', '56', 'buyer'),
(514, 16, '2013-11-30 16:12:39', '56', 'buyer'),
(515, 16, '2013-11-30 16:12:39', '56', 'buyer'),
(516, 16, '2013-11-30 16:12:39', '56', 'buyer'),
(517, 16, '2013-11-23 16:12:39', '73', 'buyer'),
(518, 16, '2013-11-23 16:12:39', '73', 'buyer'),
(519, 16, '2013-11-23 16:12:39', '73', 'buyer'),
(520, 16, '2013-11-23 16:12:39', '73', 'buyer'),
(521, 16, '2013-11-23 16:12:39', '73', 'buyer'),
(522, 16, '2013-11-23 16:12:39', '73', 'buyer'),
(523, 16, '2013-11-16 16:12:39', '64', 'buyer'),
(524, 16, '2013-11-16 16:12:39', '64', 'buyer'),
(525, 16, '2013-11-16 16:12:39', '64', 'buyer'),
(526, 16, '2013-11-16 16:12:39', '64', 'buyer'),
(527, 16, '2013-11-16 16:12:39', '64', 'buyer'),
(528, 16, '2013-11-16 16:12:39', '64', 'buyer'),
(529, 16, '2013-11-09 16:12:39', '75', 'buyer'),
(530, 16, '2013-11-09 16:12:39', '75', 'buyer'),
(531, 16, '2013-11-09 16:12:39', '75', 'buyer'),
(532, 16, '2013-11-09 16:12:39', '75', 'buyer'),
(533, 16, '2013-11-09 16:12:39', '75', 'buyer'),
(534, 16, '2013-11-09 16:12:39', '75', 'buyer'),
(535, 16, '2013-11-02 16:12:39', '68', 'buyer'),
(536, 16, '2013-11-02 16:12:39', '68', 'buyer'),
(537, 16, '2013-11-02 16:12:39', '68', 'buyer'),
(538, 16, '2013-11-02 16:12:39', '68', 'buyer'),
(539, 16, '2013-11-02 16:12:39', '68', 'buyer'),
(540, 16, '2013-11-02 16:12:39', '68', 'buyer'),
(541, 17, '2013-12-07 16:12:39', '58', 'buyer'),
(542, 17, '2013-12-07 16:12:39', '58', 'buyer'),
(543, 17, '2013-12-07 16:12:39', '58', 'buyer'),
(544, 17, '2013-12-07 16:12:39', '58', 'buyer'),
(545, 17, '2013-12-07 16:12:39', '58', 'buyer'),
(546, 17, '2013-12-07 16:12:39', '58', 'buyer'),
(547, 17, '2013-11-30 16:12:39', '67', 'buyer'),
(548, 17, '2013-11-30 16:12:39', '67', 'buyer'),
(549, 17, '2013-11-30 16:12:39', '67', 'buyer'),
(550, 17, '2013-11-30 16:12:39', '67', 'buyer'),
(551, 17, '2013-11-30 16:12:39', '67', 'buyer'),
(552, 17, '2013-11-30 16:12:39', '67', 'buyer'),
(553, 17, '2013-11-23 16:12:39', '65', 'buyer'),
(554, 17, '2013-11-23 16:12:39', '65', 'buyer'),
(555, 17, '2013-11-23 16:12:39', '65', 'buyer'),
(556, 17, '2013-11-23 16:12:39', '65', 'buyer'),
(557, 17, '2013-11-23 16:12:39', '65', 'buyer'),
(558, 17, '2013-11-23 16:12:39', '65', 'buyer'),
(559, 17, '2013-11-16 16:12:39', '63', 'buyer'),
(560, 17, '2013-11-16 16:12:39', '63', 'buyer'),
(561, 17, '2013-11-16 16:12:39', '63', 'buyer'),
(562, 17, '2013-11-16 16:12:39', '63', 'buyer'),
(563, 17, '2013-11-16 16:12:39', '63', 'buyer'),
(564, 17, '2013-11-16 16:12:39', '63', 'buyer'),
(565, 17, '2013-11-09 16:12:39', '59', 'buyer'),
(566, 17, '2013-11-09 16:12:39', '59', 'buyer'),
(567, 17, '2013-11-09 16:12:39', '59', 'buyer'),
(568, 17, '2013-11-09 16:12:39', '59', 'buyer'),
(569, 17, '2013-11-09 16:12:39', '59', 'buyer'),
(570, 17, '2013-11-09 16:12:39', '59', 'buyer'),
(571, 17, '2013-11-02 16:12:39', '75', 'buyer'),
(572, 17, '2013-11-02 16:12:39', '75', 'buyer'),
(573, 17, '2013-11-02 16:12:39', '75', 'buyer'),
(574, 17, '2013-11-02 16:12:39', '75', 'buyer'),
(575, 17, '2013-11-02 16:12:39', '75', 'buyer'),
(576, 17, '2013-11-02 16:12:39', '75', 'buyer'),
(577, 18, '2013-12-07 16:12:39', '63', 'buyer'),
(578, 18, '2013-12-07 16:12:39', '63', 'buyer'),
(579, 18, '2013-12-07 16:12:39', '63', 'buyer'),
(580, 18, '2013-12-07 16:12:39', '63', 'buyer'),
(581, 18, '2013-12-07 16:12:39', '63', 'buyer'),
(582, 18, '2013-12-07 16:12:39', '63', 'buyer'),
(583, 18, '2013-11-30 16:12:39', '70', 'buyer'),
(584, 18, '2013-11-30 16:12:39', '70', 'buyer'),
(585, 18, '2013-11-30 16:12:39', '70', 'buyer'),
(586, 18, '2013-11-30 16:12:39', '70', 'buyer'),
(587, 18, '2013-11-30 16:12:39', '70', 'buyer'),
(588, 18, '2013-11-30 16:12:39', '70', 'buyer'),
(589, 18, '2013-11-23 16:12:39', '68', 'buyer'),
(590, 18, '2013-11-23 16:12:39', '68', 'buyer'),
(591, 18, '2013-11-23 16:12:39', '68', 'buyer'),
(592, 18, '2013-11-23 16:12:39', '68', 'buyer'),
(593, 18, '2013-11-23 16:12:39', '68', 'buyer'),
(594, 18, '2013-11-23 16:12:39', '68', 'buyer'),
(595, 18, '2013-11-16 16:12:39', '72', 'buyer'),
(596, 18, '2013-11-16 16:12:39', '72', 'buyer'),
(597, 18, '2013-11-16 16:12:39', '72', 'buyer'),
(598, 18, '2013-11-16 16:12:39', '72', 'buyer'),
(599, 18, '2013-11-16 16:12:39', '72', 'buyer'),
(600, 18, '2013-11-16 16:12:39', '72', 'buyer'),
(601, 18, '2013-11-09 16:12:39', '59', 'buyer'),
(602, 18, '2013-11-09 16:12:39', '59', 'buyer'),
(603, 18, '2013-11-09 16:12:39', '59', 'buyer'),
(604, 18, '2013-11-09 16:12:39', '59', 'buyer'),
(605, 18, '2013-11-09 16:12:39', '59', 'buyer'),
(606, 18, '2013-11-09 16:12:39', '59', 'buyer'),
(607, 18, '2013-11-02 16:12:40', '69', 'buyer'),
(608, 18, '2013-11-02 16:12:40', '69', 'buyer'),
(609, 18, '2013-11-02 16:12:40', '69', 'buyer'),
(610, 18, '2013-11-02 16:12:40', '69', 'buyer'),
(611, 18, '2013-11-02 16:12:40', '69', 'buyer'),
(612, 18, '2013-11-02 16:12:40', '69', 'buyer'),
(613, 19, '2013-12-07 16:12:40', '67', 'buyer'),
(614, 19, '2013-12-07 16:12:40', '67', 'buyer'),
(615, 19, '2013-12-07 16:12:40', '67', 'buyer'),
(616, 19, '2013-12-07 16:12:40', '67', 'buyer'),
(617, 19, '2013-12-07 16:12:40', '67', 'buyer'),
(618, 19, '2013-12-07 16:12:40', '67', 'buyer'),
(619, 19, '2013-11-30 16:12:40', '60', 'buyer'),
(620, 19, '2013-11-30 16:12:40', '60', 'buyer'),
(621, 19, '2013-11-30 16:12:40', '60', 'buyer'),
(622, 19, '2013-11-30 16:12:40', '60', 'buyer'),
(623, 19, '2013-11-30 16:12:40', '60', 'buyer'),
(624, 19, '2013-11-30 16:12:40', '60', 'buyer'),
(625, 19, '2013-11-23 16:12:40', '65', 'buyer'),
(626, 19, '2013-11-23 16:12:40', '65', 'buyer'),
(627, 19, '2013-11-23 16:12:40', '65', 'buyer'),
(628, 19, '2013-11-23 16:12:40', '65', 'buyer'),
(629, 19, '2013-11-23 16:12:40', '65', 'buyer'),
(630, 19, '2013-11-23 16:12:40', '65', 'buyer'),
(631, 19, '2013-11-16 16:12:40', '60', 'buyer'),
(632, 19, '2013-11-16 16:12:40', '60', 'buyer'),
(633, 19, '2013-11-16 16:12:40', '60', 'buyer'),
(634, 19, '2013-11-16 16:12:40', '60', 'buyer'),
(635, 19, '2013-11-16 16:12:40', '60', 'buyer'),
(636, 19, '2013-11-16 16:12:40', '60', 'buyer'),
(637, 19, '2013-11-09 16:12:40', '68', 'buyer'),
(638, 19, '2013-11-09 16:12:40', '68', 'buyer'),
(639, 19, '2013-11-09 16:12:40', '68', 'buyer'),
(640, 19, '2013-11-09 16:12:40', '68', 'buyer'),
(641, 19, '2013-11-09 16:12:40', '68', 'buyer'),
(642, 19, '2013-11-09 16:12:40', '68', 'buyer'),
(643, 19, '2013-11-02 16:12:40', '56', 'buyer'),
(644, 19, '2013-11-02 16:12:40', '56', 'buyer'),
(645, 19, '2013-11-02 16:12:40', '56', 'buyer'),
(646, 19, '2013-11-02 16:12:40', '56', 'buyer'),
(647, 19, '2013-11-02 16:12:40', '56', 'buyer'),
(648, 19, '2013-11-02 16:12:40', '56', 'buyer'),
(649, 20, '2013-12-07 16:12:40', '59', 'buyer'),
(650, 20, '2013-12-07 16:12:40', '59', 'buyer'),
(651, 20, '2013-12-07 16:12:40', '59', 'buyer'),
(652, 20, '2013-12-07 16:12:40', '59', 'buyer'),
(653, 20, '2013-12-07 16:12:40', '59', 'buyer'),
(654, 20, '2013-12-07 16:12:40', '59', 'buyer'),
(655, 20, '2013-11-30 16:12:40', '64', 'buyer'),
(656, 20, '2013-11-30 16:12:40', '64', 'buyer'),
(657, 20, '2013-11-30 16:12:40', '64', 'buyer'),
(658, 20, '2013-11-30 16:12:40', '64', 'buyer'),
(659, 20, '2013-11-30 16:12:40', '64', 'buyer'),
(660, 20, '2013-11-30 16:12:40', '64', 'buyer'),
(661, 20, '2013-11-23 16:12:40', '67', 'buyer'),
(662, 20, '2013-11-23 16:12:40', '67', 'buyer'),
(663, 20, '2013-11-23 16:12:40', '67', 'buyer'),
(664, 20, '2013-11-23 16:12:40', '67', 'buyer'),
(665, 20, '2013-11-23 16:12:40', '67', 'buyer'),
(666, 20, '2013-11-23 16:12:40', '67', 'buyer'),
(667, 20, '2013-11-16 16:12:40', '67', 'buyer'),
(668, 20, '2013-11-16 16:12:40', '67', 'buyer'),
(669, 20, '2013-11-16 16:12:40', '67', 'buyer'),
(670, 20, '2013-11-16 16:12:40', '67', 'buyer'),
(671, 20, '2013-11-16 16:12:40', '67', 'buyer'),
(672, 20, '2013-11-16 16:12:40', '67', 'buyer'),
(673, 20, '2013-11-09 16:12:40', '62', 'buyer'),
(674, 20, '2013-11-09 16:12:40', '62', 'buyer'),
(675, 20, '2013-11-09 16:12:40', '62', 'buyer'),
(676, 20, '2013-11-09 16:12:40', '62', 'buyer'),
(677, 20, '2013-11-09 16:12:40', '62', 'buyer'),
(678, 20, '2013-11-09 16:12:40', '62', 'buyer'),
(679, 20, '2013-11-02 16:12:40', '72', 'buyer'),
(680, 20, '2013-11-02 16:12:40', '72', 'buyer'),
(681, 20, '2013-11-02 16:12:40', '72', 'buyer'),
(682, 20, '2013-11-02 16:12:40', '72', 'buyer'),
(683, 20, '2013-11-02 16:12:40', '72', 'buyer'),
(684, 20, '2013-11-02 16:12:40', '72', 'buyer'),
(685, 21, '2013-12-07 16:12:40', '73', 'buyer'),
(686, 21, '2013-12-07 16:12:40', '73', 'buyer'),
(687, 21, '2013-12-07 16:12:40', '73', 'buyer'),
(688, 21, '2013-12-07 16:12:40', '73', 'buyer'),
(689, 21, '2013-12-07 16:12:40', '73', 'buyer'),
(690, 21, '2013-12-07 16:12:40', '73', 'buyer'),
(691, 21, '2013-11-30 16:12:40', '57', 'buyer'),
(692, 21, '2013-11-30 16:12:40', '57', 'buyer'),
(693, 21, '2013-11-30 16:12:40', '57', 'buyer'),
(694, 21, '2013-11-30 16:12:40', '57', 'buyer'),
(695, 21, '2013-11-30 16:12:40', '57', 'buyer'),
(696, 21, '2013-11-30 16:12:40', '57', 'buyer'),
(697, 21, '2013-11-23 16:12:40', '61', 'buyer'),
(698, 21, '2013-11-23 16:12:40', '61', 'buyer'),
(699, 21, '2013-11-23 16:12:40', '61', 'buyer'),
(700, 21, '2013-11-23 16:12:40', '61', 'buyer'),
(701, 21, '2013-11-23 16:12:40', '61', 'buyer'),
(702, 21, '2013-11-23 16:12:40', '61', 'buyer'),
(703, 21, '2013-11-16 16:12:40', '60', 'buyer'),
(704, 21, '2013-11-16 16:12:40', '60', 'buyer'),
(705, 21, '2013-11-16 16:12:40', '60', 'buyer'),
(706, 21, '2013-11-16 16:12:40', '60', 'buyer'),
(707, 21, '2013-11-16 16:12:40', '60', 'buyer'),
(708, 21, '2013-11-16 16:12:40', '60', 'buyer'),
(709, 21, '2013-11-09 16:12:40', '64', 'buyer'),
(710, 21, '2013-11-09 16:12:40', '64', 'buyer'),
(711, 21, '2013-11-09 16:12:40', '64', 'buyer'),
(712, 21, '2013-11-09 16:12:40', '64', 'buyer'),
(713, 21, '2013-11-09 16:12:40', '64', 'buyer'),
(714, 21, '2013-11-09 16:12:40', '64', 'buyer'),
(715, 21, '2013-11-02 16:12:40', '68', 'buyer'),
(716, 21, '2013-11-02 16:12:40', '68', 'buyer'),
(717, 21, '2013-11-02 16:12:40', '68', 'buyer'),
(718, 21, '2013-11-02 16:12:40', '68', 'buyer'),
(719, 21, '2013-11-02 16:12:40', '68', 'buyer'),
(720, 21, '2013-11-02 16:12:40', '68', 'buyer'),
(721, 22, '2013-12-07 16:12:40', '72', 'buyer'),
(722, 22, '2013-12-07 16:12:40', '72', 'buyer'),
(723, 22, '2013-12-07 16:12:40', '72', 'buyer'),
(724, 22, '2013-12-07 16:12:40', '72', 'buyer'),
(725, 22, '2013-12-07 16:12:40', '72', 'buyer'),
(726, 22, '2013-12-07 16:12:40', '72', 'buyer'),
(727, 22, '2013-11-30 16:12:40', '56', 'buyer'),
(728, 22, '2013-11-30 16:12:40', '56', 'buyer'),
(729, 22, '2013-11-30 16:12:40', '56', 'buyer'),
(730, 22, '2013-11-30 16:12:40', '56', 'buyer'),
(731, 22, '2013-11-30 16:12:40', '56', 'buyer'),
(732, 22, '2013-11-30 16:12:40', '56', 'buyer'),
(733, 22, '2013-11-23 16:12:40', '65', 'buyer'),
(734, 22, '2013-11-23 16:12:40', '65', 'buyer'),
(735, 22, '2013-11-23 16:12:40', '65', 'buyer'),
(736, 22, '2013-11-23 16:12:40', '65', 'buyer'),
(737, 22, '2013-11-23 16:12:40', '65', 'buyer'),
(738, 22, '2013-11-23 16:12:40', '65', 'buyer'),
(739, 22, '2013-11-16 16:12:40', '66', 'buyer'),
(740, 22, '2013-11-16 16:12:40', '66', 'buyer'),
(741, 22, '2013-11-16 16:12:40', '66', 'buyer'),
(742, 22, '2013-11-16 16:12:40', '66', 'buyer'),
(743, 22, '2013-11-16 16:12:40', '66', 'buyer'),
(744, 22, '2013-11-16 16:12:40', '66', 'buyer'),
(745, 22, '2013-11-09 16:12:40', '61', 'buyer'),
(746, 22, '2013-11-09 16:12:40', '61', 'buyer'),
(747, 22, '2013-11-09 16:12:40', '61', 'buyer'),
(748, 22, '2013-11-09 16:12:40', '61', 'buyer'),
(749, 22, '2013-11-09 16:12:40', '61', 'buyer'),
(750, 22, '2013-11-09 16:12:40', '61', 'buyer'),
(751, 22, '2013-11-02 16:12:40', '72', 'buyer'),
(752, 22, '2013-11-02 16:12:40', '72', 'buyer'),
(753, 22, '2013-11-02 16:12:40', '72', 'buyer'),
(754, 22, '2013-11-02 16:12:40', '72', 'buyer'),
(755, 22, '2013-11-02 16:12:40', '72', 'buyer'),
(756, 22, '2013-11-02 16:12:40', '72', 'buyer'),
(757, 23, '2013-12-07 16:12:40', '63', 'buyer'),
(758, 23, '2013-12-07 16:12:40', '63', 'buyer'),
(759, 23, '2013-12-07 16:12:40', '63', 'buyer'),
(760, 23, '2013-12-07 16:12:40', '63', 'buyer'),
(761, 23, '2013-12-07 16:12:40', '63', 'buyer'),
(762, 23, '2013-12-07 16:12:40', '63', 'buyer'),
(763, 23, '2013-11-30 16:12:40', '67', 'buyer'),
(764, 23, '2013-11-30 16:12:40', '67', 'buyer'),
(765, 23, '2013-11-30 16:12:40', '67', 'buyer'),
(766, 23, '2013-11-30 16:12:40', '67', 'buyer'),
(767, 23, '2013-11-30 16:12:40', '67', 'buyer'),
(768, 23, '2013-11-30 16:12:40', '67', 'buyer'),
(769, 23, '2013-11-23 16:12:40', '59', 'buyer'),
(770, 23, '2013-11-23 16:12:40', '59', 'buyer'),
(771, 23, '2013-11-23 16:12:40', '59', 'buyer'),
(772, 23, '2013-11-23 16:12:40', '59', 'buyer'),
(773, 23, '2013-11-23 16:12:40', '59', 'buyer'),
(774, 23, '2013-11-23 16:12:40', '59', 'buyer'),
(775, 23, '2013-11-16 16:12:40', '70', 'buyer'),
(776, 23, '2013-11-16 16:12:40', '70', 'buyer'),
(777, 23, '2013-11-16 16:12:40', '70', 'buyer'),
(778, 23, '2013-11-16 16:12:40', '70', 'buyer'),
(779, 23, '2013-11-16 16:12:40', '70', 'buyer'),
(780, 23, '2013-11-16 16:12:40', '70', 'buyer'),
(781, 23, '2013-11-09 16:12:40', '63', 'buyer'),
(782, 23, '2013-11-09 16:12:40', '63', 'buyer'),
(783, 23, '2013-11-09 16:12:40', '63', 'buyer'),
(784, 23, '2013-11-09 16:12:40', '63', 'buyer'),
(785, 23, '2013-11-09 16:12:40', '63', 'buyer'),
(786, 23, '2013-11-09 16:12:40', '63', 'buyer'),
(787, 23, '2013-11-02 16:12:40', '73', 'buyer'),
(788, 23, '2013-11-02 16:12:40', '73', 'buyer'),
(789, 23, '2013-11-02 16:12:40', '73', 'buyer'),
(790, 23, '2013-11-02 16:12:40', '73', 'buyer'),
(791, 23, '2013-11-02 16:12:40', '73', 'buyer'),
(792, 23, '2013-11-02 16:12:40', '73', 'buyer'),
(793, 24, '2013-12-07 16:12:40', '75', 'buyer'),
(794, 24, '2013-12-07 16:12:40', '75', 'buyer'),
(795, 24, '2013-12-07 16:12:40', '75', 'buyer'),
(796, 24, '2013-12-07 16:12:40', '75', 'buyer'),
(797, 24, '2013-12-07 16:12:40', '75', 'buyer'),
(798, 24, '2013-12-07 16:12:40', '75', 'buyer'),
(799, 24, '2013-11-30 16:12:40', '55', 'buyer'),
(800, 24, '2013-11-30 16:12:40', '55', 'buyer'),
(801, 24, '2013-11-30 16:12:40', '55', 'buyer'),
(802, 24, '2013-11-30 16:12:40', '55', 'buyer'),
(803, 24, '2013-11-30 16:12:40', '55', 'buyer'),
(804, 24, '2013-11-30 16:12:40', '55', 'buyer'),
(805, 24, '2013-11-23 16:12:40', '64', 'buyer'),
(806, 24, '2013-11-23 16:12:40', '64', 'buyer'),
(807, 24, '2013-11-23 16:12:40', '64', 'buyer'),
(808, 24, '2013-11-23 16:12:40', '64', 'buyer'),
(809, 24, '2013-11-23 16:12:40', '64', 'buyer'),
(810, 24, '2013-11-23 16:12:40', '64', 'buyer'),
(811, 24, '2013-11-16 16:12:40', '62', 'buyer'),
(812, 24, '2013-11-16 16:12:40', '62', 'buyer'),
(813, 24, '2013-11-16 16:12:40', '62', 'buyer'),
(814, 24, '2013-11-16 16:12:40', '62', 'buyer'),
(815, 24, '2013-11-16 16:12:40', '62', 'buyer'),
(816, 24, '2013-11-16 16:12:40', '62', 'buyer'),
(817, 24, '2013-11-09 16:12:40', '61', 'buyer'),
(818, 24, '2013-11-09 16:12:40', '61', 'buyer'),
(819, 24, '2013-11-09 16:12:40', '61', 'buyer'),
(820, 24, '2013-11-09 16:12:40', '61', 'buyer'),
(821, 24, '2013-11-09 16:12:40', '61', 'buyer'),
(822, 24, '2013-11-09 16:12:40', '61', 'buyer'),
(823, 24, '2013-11-02 16:12:40', '71', 'buyer'),
(824, 24, '2013-11-02 16:12:40', '71', 'buyer'),
(825, 24, '2013-11-02 16:12:40', '71', 'buyer'),
(826, 24, '2013-11-02 16:12:40', '71', 'buyer'),
(827, 24, '2013-11-02 16:12:40', '71', 'buyer'),
(828, 24, '2013-11-02 16:12:40', '71', 'buyer'),
(829, 25, '2013-12-07 16:12:40', '73', 'buyer'),
(830, 25, '2013-12-07 16:12:40', '73', 'buyer'),
(831, 25, '2013-12-07 16:12:40', '73', 'buyer'),
(832, 25, '2013-12-07 16:12:40', '73', 'buyer'),
(833, 25, '2013-12-07 16:12:40', '73', 'buyer'),
(834, 25, '2013-12-07 16:12:40', '73', 'buyer'),
(835, 25, '2013-11-30 16:12:40', '66', 'buyer'),
(836, 25, '2013-11-30 16:12:40', '66', 'buyer'),
(837, 25, '2013-11-30 16:12:40', '66', 'buyer'),
(838, 25, '2013-11-30 16:12:40', '66', 'buyer'),
(839, 25, '2013-11-30 16:12:40', '66', 'buyer'),
(840, 25, '2013-11-30 16:12:40', '66', 'buyer'),
(841, 25, '2013-11-23 16:12:40', '60', 'buyer'),
(842, 25, '2013-11-23 16:12:40', '60', 'buyer'),
(843, 25, '2013-11-23 16:12:40', '60', 'buyer'),
(844, 25, '2013-11-23 16:12:40', '60', 'buyer'),
(845, 25, '2013-11-23 16:12:40', '60', 'buyer'),
(846, 25, '2013-11-23 16:12:40', '60', 'buyer'),
(847, 25, '2013-11-16 16:12:40', '58', 'buyer'),
(848, 25, '2013-11-16 16:12:40', '58', 'buyer'),
(849, 25, '2013-11-16 16:12:40', '58', 'buyer'),
(850, 25, '2013-11-16 16:12:40', '58', 'buyer'),
(851, 25, '2013-11-16 16:12:40', '58', 'buyer'),
(852, 25, '2013-11-16 16:12:40', '58', 'buyer'),
(853, 25, '2013-11-09 16:12:40', '66', 'buyer'),
(854, 25, '2013-11-09 16:12:40', '66', 'buyer'),
(855, 25, '2013-11-09 16:12:40', '66', 'buyer'),
(856, 25, '2013-11-09 16:12:40', '66', 'buyer'),
(857, 25, '2013-11-09 16:12:40', '66', 'buyer'),
(858, 25, '2013-11-09 16:12:40', '66', 'buyer'),
(859, 25, '2013-11-02 16:12:40', '74', 'buyer'),
(860, 25, '2013-11-02 16:12:40', '74', 'buyer'),
(861, 25, '2013-11-02 16:12:40', '74', 'buyer'),
(862, 25, '2013-11-02 16:12:40', '74', 'buyer'),
(863, 25, '2013-11-02 16:12:40', '74', 'buyer'),
(864, 25, '2013-11-02 16:12:40', '74', 'buyer'),
(865, 26, '2013-12-07 16:12:40', '72', 'buyer'),
(866, 26, '2013-12-07 16:12:40', '72', 'buyer'),
(867, 26, '2013-12-07 16:12:40', '72', 'buyer'),
(868, 26, '2013-12-07 16:12:40', '72', 'buyer'),
(869, 26, '2013-12-07 16:12:40', '72', 'buyer'),
(870, 26, '2013-12-07 16:12:40', '72', 'buyer'),
(871, 26, '2013-11-30 16:12:40', '56', 'buyer'),
(872, 26, '2013-11-30 16:12:40', '56', 'buyer'),
(873, 26, '2013-11-30 16:12:40', '56', 'buyer'),
(874, 26, '2013-11-30 16:12:40', '56', 'buyer'),
(875, 26, '2013-11-30 16:12:40', '56', 'buyer'),
(876, 26, '2013-11-30 16:12:40', '56', 'buyer'),
(877, 26, '2013-11-23 16:12:40', '58', 'buyer'),
(878, 26, '2013-11-23 16:12:40', '58', 'buyer'),
(879, 26, '2013-11-23 16:12:40', '58', 'buyer'),
(880, 26, '2013-11-23 16:12:40', '58', 'buyer'),
(881, 26, '2013-11-23 16:12:40', '58', 'buyer'),
(882, 26, '2013-11-23 16:12:40', '58', 'buyer'),
(883, 26, '2013-11-16 16:12:40', '70', 'buyer'),
(884, 26, '2013-11-16 16:12:40', '70', 'buyer'),
(885, 26, '2013-11-16 16:12:40', '70', 'buyer'),
(886, 26, '2013-11-16 16:12:40', '70', 'buyer'),
(887, 26, '2013-11-16 16:12:40', '70', 'buyer'),
(888, 26, '2013-11-16 16:12:40', '70', 'buyer'),
(889, 26, '2013-11-09 16:12:40', '70', 'buyer'),
(890, 26, '2013-11-09 16:12:40', '70', 'buyer'),
(891, 26, '2013-11-09 16:12:40', '70', 'buyer'),
(892, 26, '2013-11-09 16:12:40', '70', 'buyer'),
(893, 26, '2013-11-09 16:12:40', '70', 'buyer'),
(894, 26, '2013-11-09 16:12:40', '70', 'buyer'),
(895, 26, '2013-11-02 16:12:40', '56', 'buyer'),
(896, 26, '2013-11-02 16:12:40', '56', 'buyer'),
(897, 26, '2013-11-02 16:12:40', '56', 'buyer'),
(898, 26, '2013-11-02 16:12:40', '56', 'buyer'),
(899, 26, '2013-11-02 16:12:40', '56', 'buyer'),
(900, 26, '2013-11-02 16:12:40', '56', 'buyer'),
(901, 27, '2013-12-07 16:12:40', '66', 'buyer'),
(902, 27, '2013-12-07 16:12:40', '66', 'buyer'),
(903, 27, '2013-12-07 16:12:40', '66', 'buyer'),
(904, 27, '2013-12-07 16:12:40', '66', 'buyer'),
(905, 27, '2013-12-07 16:12:40', '66', 'buyer'),
(906, 27, '2013-12-07 16:12:40', '66', 'buyer'),
(907, 27, '2013-11-30 16:12:40', '61', 'buyer'),
(908, 27, '2013-11-30 16:12:40', '61', 'buyer'),
(909, 27, '2013-11-30 16:12:40', '61', 'buyer'),
(910, 27, '2013-11-30 16:12:40', '61', 'buyer'),
(911, 27, '2013-11-30 16:12:40', '61', 'buyer'),
(912, 27, '2013-11-30 16:12:40', '61', 'buyer'),
(913, 27, '2013-11-23 16:12:40', '71', 'buyer'),
(914, 27, '2013-11-23 16:12:40', '71', 'buyer'),
(915, 27, '2013-11-23 16:12:40', '71', 'buyer'),
(916, 27, '2013-11-23 16:12:40', '71', 'buyer'),
(917, 27, '2013-11-23 16:12:40', '71', 'buyer'),
(918, 27, '2013-11-23 16:12:40', '71', 'buyer'),
(919, 27, '2013-11-16 16:12:40', '73', 'buyer'),
(920, 27, '2013-11-16 16:12:40', '73', 'buyer'),
(921, 27, '2013-11-16 16:12:40', '73', 'buyer'),
(922, 27, '2013-11-16 16:12:40', '73', 'buyer'),
(923, 27, '2013-11-16 16:12:40', '73', 'buyer'),
(924, 27, '2013-11-16 16:12:40', '73', 'buyer'),
(925, 27, '2013-11-09 16:12:40', '74', 'buyer'),
(926, 27, '2013-11-09 16:12:40', '74', 'buyer'),
(927, 27, '2013-11-09 16:12:40', '74', 'buyer'),
(928, 27, '2013-11-09 16:12:40', '74', 'buyer'),
(929, 27, '2013-11-09 16:12:40', '74', 'buyer'),
(930, 27, '2013-11-09 16:12:40', '74', 'buyer'),
(931, 27, '2013-11-02 16:12:41', '67', 'buyer'),
(932, 27, '2013-11-02 16:12:41', '67', 'buyer'),
(933, 27, '2013-11-02 16:12:41', '67', 'buyer'),
(934, 27, '2013-11-02 16:12:41', '67', 'buyer'),
(935, 27, '2013-11-02 16:12:41', '67', 'buyer'),
(936, 27, '2013-11-02 16:12:41', '67', 'buyer'),
(937, 28, '2013-12-07 16:12:41', '72', 'buyer'),
(938, 28, '2013-12-07 16:12:41', '72', 'buyer'),
(939, 28, '2013-12-07 16:12:41', '72', 'buyer'),
(940, 28, '2013-12-07 16:12:41', '72', 'buyer'),
(941, 28, '2013-12-07 16:12:41', '72', 'buyer'),
(942, 28, '2013-12-07 16:12:41', '72', 'buyer'),
(943, 28, '2013-11-30 16:12:41', '57', 'buyer'),
(944, 28, '2013-11-30 16:12:41', '57', 'buyer'),
(945, 28, '2013-11-30 16:12:41', '57', 'buyer'),
(946, 28, '2013-11-30 16:12:41', '57', 'buyer'),
(947, 28, '2013-11-30 16:12:41', '57', 'buyer'),
(948, 28, '2013-11-30 16:12:41', '57', 'buyer'),
(949, 28, '2013-11-23 16:12:41', '68', 'buyer'),
(950, 28, '2013-11-23 16:12:41', '68', 'buyer'),
(951, 28, '2013-11-23 16:12:41', '68', 'buyer'),
(952, 28, '2013-11-23 16:12:41', '68', 'buyer'),
(953, 28, '2013-11-23 16:12:41', '68', 'buyer'),
(954, 28, '2013-11-23 16:12:41', '68', 'buyer'),
(955, 28, '2013-11-16 16:12:41', '71', 'buyer'),
(956, 28, '2013-11-16 16:12:41', '71', 'buyer'),
(957, 28, '2013-11-16 16:12:41', '71', 'buyer'),
(958, 28, '2013-11-16 16:12:41', '71', 'buyer'),
(959, 28, '2013-11-16 16:12:41', '71', 'buyer'),
(960, 28, '2013-11-16 16:12:41', '71', 'buyer'),
(961, 28, '2013-11-09 16:12:41', '63', 'buyer'),
(962, 28, '2013-11-09 16:12:41', '63', 'buyer'),
(963, 28, '2013-11-09 16:12:41', '63', 'buyer'),
(964, 28, '2013-11-09 16:12:41', '63', 'buyer'),
(965, 28, '2013-11-09 16:12:41', '63', 'buyer'),
(966, 28, '2013-11-09 16:12:41', '63', 'buyer'),
(967, 28, '2013-11-02 16:12:41', '55', 'buyer'),
(968, 28, '2013-11-02 16:12:41', '55', 'buyer'),
(969, 28, '2013-11-02 16:12:41', '55', 'buyer'),
(970, 28, '2013-11-02 16:12:41', '55', 'buyer'),
(971, 28, '2013-11-02 16:12:41', '55', 'buyer'),
(972, 28, '2013-11-02 16:12:41', '55', 'buyer'),
(973, 29, '2013-12-07 16:12:41', '61', 'buyer'),
(974, 29, '2013-12-07 16:12:41', '61', 'buyer'),
(975, 29, '2013-12-07 16:12:41', '61', 'buyer'),
(976, 29, '2013-12-07 16:12:41', '61', 'buyer'),
(977, 29, '2013-12-07 16:12:41', '61', 'buyer'),
(978, 29, '2013-12-07 16:12:41', '61', 'buyer'),
(979, 29, '2013-11-30 16:12:41', '55', 'buyer'),
(980, 29, '2013-11-30 16:12:41', '55', 'buyer'),
(981, 29, '2013-11-30 16:12:41', '55', 'buyer'),
(982, 29, '2013-11-30 16:12:41', '55', 'buyer'),
(983, 29, '2013-11-30 16:12:41', '55', 'buyer'),
(984, 29, '2013-11-30 16:12:41', '55', 'buyer'),
(985, 29, '2013-11-23 16:12:41', '56', 'buyer'),
(986, 29, '2013-11-23 16:12:41', '56', 'buyer'),
(987, 29, '2013-11-23 16:12:41', '56', 'buyer'),
(988, 29, '2013-11-23 16:12:41', '56', 'buyer'),
(989, 29, '2013-11-23 16:12:41', '56', 'buyer'),
(990, 29, '2013-11-23 16:12:41', '56', 'buyer'),
(991, 29, '2013-11-16 16:12:41', '55', 'buyer'),
(992, 29, '2013-11-16 16:12:41', '55', 'buyer'),
(993, 29, '2013-11-16 16:12:41', '55', 'buyer'),
(994, 29, '2013-11-16 16:12:41', '55', 'buyer'),
(995, 29, '2013-11-16 16:12:41', '55', 'buyer'),
(996, 29, '2013-11-16 16:12:41', '55', 'buyer'),
(997, 29, '2013-11-09 16:12:41', '71', 'buyer'),
(998, 29, '2013-11-09 16:12:41', '71', 'buyer'),
(999, 29, '2013-11-09 16:12:41', '71', 'buyer'),
(1000, 29, '2013-11-09 16:12:41', '71', 'buyer'),
(1001, 29, '2013-11-09 16:12:41', '71', 'buyer'),
(1002, 29, '2013-11-09 16:12:41', '71', 'buyer'),
(1003, 29, '2013-11-02 16:12:41', '57', 'buyer'),
(1004, 29, '2013-11-02 16:12:41', '57', 'buyer'),
(1005, 29, '2013-11-02 16:12:41', '57', 'buyer'),
(1006, 29, '2013-11-02 16:12:41', '57', 'buyer'),
(1007, 29, '2013-11-02 16:12:41', '57', 'buyer'),
(1008, 29, '2013-11-02 16:12:41', '57', 'buyer'),
(1009, 30, '2013-12-07 16:12:41', '65', 'buyer'),
(1010, 30, '2013-12-07 16:12:41', '65', 'buyer'),
(1011, 30, '2013-12-07 16:12:41', '65', 'buyer'),
(1012, 30, '2013-12-07 16:12:41', '65', 'buyer'),
(1013, 30, '2013-12-07 16:12:41', '65', 'buyer'),
(1014, 30, '2013-12-07 16:12:41', '65', 'buyer'),
(1015, 30, '2013-11-30 16:12:41', '57', 'buyer'),
(1016, 30, '2013-11-30 16:12:41', '57', 'buyer'),
(1017, 30, '2013-11-30 16:12:41', '57', 'buyer'),
(1018, 30, '2013-11-30 16:12:41', '57', 'buyer'),
(1019, 30, '2013-11-30 16:12:41', '57', 'buyer'),
(1020, 30, '2013-11-30 16:12:41', '57', 'buyer'),
(1021, 30, '2013-11-23 16:12:41', '59', 'buyer'),
(1022, 30, '2013-11-23 16:12:41', '59', 'buyer'),
(1023, 30, '2013-11-23 16:12:41', '59', 'buyer'),
(1024, 30, '2013-11-23 16:12:41', '59', 'buyer'),
(1025, 30, '2013-11-23 16:12:41', '59', 'buyer'),
(1026, 30, '2013-11-23 16:12:41', '59', 'buyer'),
(1027, 30, '2013-11-16 16:12:41', '69', 'buyer'),
(1028, 30, '2013-11-16 16:12:41', '69', 'buyer'),
(1029, 30, '2013-11-16 16:12:41', '69', 'buyer'),
(1030, 30, '2013-11-16 16:12:41', '69', 'buyer'),
(1031, 30, '2013-11-16 16:12:41', '69', 'buyer'),
(1032, 30, '2013-11-16 16:12:41', '69', 'buyer'),
(1033, 30, '2013-11-09 16:12:41', '56', 'buyer'),
(1034, 30, '2013-11-09 16:12:41', '56', 'buyer'),
(1035, 30, '2013-11-09 16:12:41', '56', 'buyer'),
(1036, 30, '2013-11-09 16:12:41', '56', 'buyer'),
(1037, 30, '2013-11-09 16:12:41', '56', 'buyer'),
(1038, 30, '2013-11-09 16:12:41', '56', 'buyer'),
(1039, 30, '2013-11-02 16:12:41', '55', 'buyer'),
(1040, 30, '2013-11-02 16:12:41', '55', 'buyer'),
(1041, 30, '2013-11-02 16:12:41', '55', 'buyer'),
(1042, 30, '2013-11-02 16:12:41', '55', 'buyer'),
(1043, 30, '2013-11-02 16:12:41', '55', 'buyer'),
(1044, 30, '2013-11-02 16:12:41', '55', 'buyer'),
(1045, 31, '2013-12-07 16:12:41', '62', 'buyer'),
(1046, 31, '2013-12-07 16:12:41', '62', 'buyer'),
(1047, 31, '2013-12-07 16:12:41', '62', 'buyer'),
(1048, 31, '2013-12-07 16:12:41', '62', 'buyer'),
(1049, 31, '2013-12-07 16:12:41', '62', 'buyer'),
(1050, 31, '2013-12-07 16:12:41', '62', 'buyer'),
(1051, 31, '2013-11-30 16:12:41', '64', 'buyer'),
(1052, 31, '2013-11-30 16:12:41', '64', 'buyer'),
(1053, 31, '2013-11-30 16:12:41', '64', 'buyer'),
(1054, 31, '2013-11-30 16:12:41', '64', 'buyer'),
(1055, 31, '2013-11-30 16:12:41', '64', 'buyer'),
(1056, 31, '2013-11-30 16:12:41', '64', 'buyer'),
(1057, 31, '2013-11-23 16:12:41', '75', 'buyer'),
(1058, 31, '2013-11-23 16:12:41', '75', 'buyer'),
(1059, 31, '2013-11-23 16:12:41', '75', 'buyer'),
(1060, 31, '2013-11-23 16:12:41', '75', 'buyer'),
(1061, 31, '2013-11-23 16:12:41', '75', 'buyer'),
(1062, 31, '2013-11-23 16:12:41', '75', 'buyer'),
(1063, 31, '2013-11-16 16:12:41', '75', 'buyer'),
(1064, 31, '2013-11-16 16:12:41', '75', 'buyer'),
(1065, 31, '2013-11-16 16:12:41', '75', 'buyer'),
(1066, 31, '2013-11-16 16:12:41', '75', 'buyer'),
(1067, 31, '2013-11-16 16:12:41', '75', 'buyer'),
(1068, 31, '2013-11-16 16:12:41', '75', 'buyer'),
(1069, 31, '2013-11-09 16:12:41', '75', 'buyer');
INSERT INTO `vente` (`idVente`, `refObjet`, `dateVente`, `prixVente`, `acheteur`) VALUES
(1070, 31, '2013-11-09 16:12:41', '75', 'buyer'),
(1071, 31, '2013-11-09 16:12:41', '75', 'buyer'),
(1072, 31, '2013-11-09 16:12:41', '75', 'buyer'),
(1073, 31, '2013-11-09 16:12:41', '75', 'buyer'),
(1074, 31, '2013-11-09 16:12:41', '75', 'buyer'),
(1075, 31, '2013-11-02 16:12:41', '61', 'buyer'),
(1076, 31, '2013-11-02 16:12:41', '61', 'buyer'),
(1077, 31, '2013-11-02 16:12:41', '61', 'buyer'),
(1078, 31, '2013-11-02 16:12:41', '61', 'buyer'),
(1079, 31, '2013-11-02 16:12:41', '61', 'buyer'),
(1080, 31, '2013-11-02 16:12:41', '61', 'buyer'),
(1081, 32, '2013-12-07 16:12:41', '66', 'buyer'),
(1082, 32, '2013-12-07 16:12:41', '66', 'buyer'),
(1083, 32, '2013-12-07 16:12:41', '66', 'buyer'),
(1084, 32, '2013-12-07 16:12:41', '66', 'buyer'),
(1085, 32, '2013-12-07 16:12:41', '66', 'buyer'),
(1086, 32, '2013-12-07 16:12:41', '66', 'buyer'),
(1087, 32, '2013-11-30 16:12:41', '69', 'buyer'),
(1088, 32, '2013-11-30 16:12:41', '69', 'buyer'),
(1089, 32, '2013-11-30 16:12:41', '69', 'buyer'),
(1090, 32, '2013-11-30 16:12:41', '69', 'buyer'),
(1091, 32, '2013-11-30 16:12:41', '69', 'buyer'),
(1092, 32, '2013-11-30 16:12:41', '69', 'buyer'),
(1093, 32, '2013-11-23 16:12:41', '70', 'buyer'),
(1094, 32, '2013-11-23 16:12:41', '70', 'buyer'),
(1095, 32, '2013-11-23 16:12:41', '70', 'buyer'),
(1096, 32, '2013-11-23 16:12:41', '70', 'buyer'),
(1097, 32, '2013-11-23 16:12:41', '70', 'buyer'),
(1098, 32, '2013-11-23 16:12:41', '70', 'buyer'),
(1099, 32, '2013-11-16 16:12:41', '70', 'buyer'),
(1100, 32, '2013-11-16 16:12:41', '70', 'buyer'),
(1101, 32, '2013-11-16 16:12:41', '70', 'buyer'),
(1102, 32, '2013-11-16 16:12:41', '70', 'buyer'),
(1103, 32, '2013-11-16 16:12:41', '70', 'buyer'),
(1104, 32, '2013-11-16 16:12:41', '70', 'buyer'),
(1105, 32, '2013-11-09 16:12:41', '58', 'buyer'),
(1106, 32, '2013-11-09 16:12:41', '58', 'buyer'),
(1107, 32, '2013-11-09 16:12:41', '58', 'buyer'),
(1108, 32, '2013-11-09 16:12:41', '58', 'buyer'),
(1109, 32, '2013-11-09 16:12:41', '58', 'buyer'),
(1110, 32, '2013-11-09 16:12:41', '58', 'buyer'),
(1111, 32, '2013-11-02 16:12:41', '60', 'buyer'),
(1112, 32, '2013-11-02 16:12:41', '60', 'buyer'),
(1113, 32, '2013-11-02 16:12:41', '60', 'buyer'),
(1114, 32, '2013-11-02 16:12:41', '60', 'buyer'),
(1115, 32, '2013-11-02 16:12:41', '60', 'buyer'),
(1116, 32, '2013-11-02 16:12:41', '60', 'buyer'),
(1117, 33, '2013-12-07 16:12:41', '71', 'buyer'),
(1118, 33, '2013-12-07 16:12:41', '71', 'buyer'),
(1119, 33, '2013-12-07 16:12:41', '71', 'buyer'),
(1120, 33, '2013-12-07 16:12:41', '71', 'buyer'),
(1121, 33, '2013-12-07 16:12:41', '71', 'buyer'),
(1122, 33, '2013-12-07 16:12:41', '71', 'buyer'),
(1123, 33, '2013-11-30 16:12:41', '61', 'buyer'),
(1124, 33, '2013-11-30 16:12:41', '61', 'buyer'),
(1125, 33, '2013-11-30 16:12:41', '61', 'buyer'),
(1126, 33, '2013-11-30 16:12:41', '61', 'buyer'),
(1127, 33, '2013-11-30 16:12:41', '61', 'buyer'),
(1128, 33, '2013-11-30 16:12:41', '61', 'buyer'),
(1129, 33, '2013-11-23 16:12:41', '62', 'buyer'),
(1130, 33, '2013-11-23 16:12:41', '62', 'buyer'),
(1131, 33, '2013-11-23 16:12:41', '62', 'buyer'),
(1132, 33, '2013-11-23 16:12:41', '62', 'buyer'),
(1133, 33, '2013-11-23 16:12:41', '62', 'buyer'),
(1134, 33, '2013-11-23 16:12:41', '62', 'buyer'),
(1135, 33, '2013-11-16 16:12:41', '57', 'buyer'),
(1136, 33, '2013-11-16 16:12:41', '57', 'buyer'),
(1137, 33, '2013-11-16 16:12:41', '57', 'buyer'),
(1138, 33, '2013-11-16 16:12:41', '57', 'buyer'),
(1139, 33, '2013-11-16 16:12:41', '57', 'buyer'),
(1140, 33, '2013-11-16 16:12:41', '57', 'buyer'),
(1141, 33, '2013-11-09 16:12:41', '64', 'buyer'),
(1142, 33, '2013-11-09 16:12:41', '64', 'buyer'),
(1143, 33, '2013-11-09 16:12:41', '64', 'buyer'),
(1144, 33, '2013-11-09 16:12:41', '64', 'buyer'),
(1145, 33, '2013-11-09 16:12:41', '64', 'buyer'),
(1146, 33, '2013-11-09 16:12:41', '64', 'buyer'),
(1147, 33, '2013-11-02 16:12:41', '71', 'buyer'),
(1148, 33, '2013-11-02 16:12:41', '71', 'buyer'),
(1149, 33, '2013-11-02 16:12:41', '71', 'buyer'),
(1150, 33, '2013-11-02 16:12:41', '71', 'buyer'),
(1151, 33, '2013-11-02 16:12:41', '71', 'buyer'),
(1152, 33, '2013-11-02 16:12:41', '71', 'buyer'),
(1153, 34, '2013-12-07 16:12:41', '65', 'buyer'),
(1154, 34, '2013-12-07 16:12:41', '65', 'buyer'),
(1155, 34, '2013-12-07 16:12:41', '65', 'buyer'),
(1156, 34, '2013-12-07 16:12:41', '65', 'buyer'),
(1157, 34, '2013-12-07 16:12:41', '65', 'buyer'),
(1158, 34, '2013-12-07 16:12:41', '65', 'buyer'),
(1159, 34, '2013-11-30 16:12:41', '67', 'buyer'),
(1160, 34, '2013-11-30 16:12:41', '67', 'buyer'),
(1161, 34, '2013-11-30 16:12:41', '67', 'buyer'),
(1162, 34, '2013-11-30 16:12:41', '67', 'buyer'),
(1163, 34, '2013-11-30 16:12:41', '67', 'buyer'),
(1164, 34, '2013-11-30 16:12:41', '67', 'buyer'),
(1165, 34, '2013-11-23 16:12:41', '68', 'buyer'),
(1166, 34, '2013-11-23 16:12:41', '68', 'buyer'),
(1167, 34, '2013-11-23 16:12:41', '68', 'buyer'),
(1168, 34, '2013-11-23 16:12:41', '68', 'buyer'),
(1169, 34, '2013-11-23 16:12:41', '68', 'buyer'),
(1170, 34, '2013-11-23 16:12:41', '68', 'buyer'),
(1171, 34, '2013-11-16 16:12:41', '61', 'buyer'),
(1172, 34, '2013-11-16 16:12:41', '61', 'buyer'),
(1173, 34, '2013-11-16 16:12:41', '61', 'buyer'),
(1174, 34, '2013-11-16 16:12:41', '61', 'buyer'),
(1175, 34, '2013-11-16 16:12:41', '61', 'buyer'),
(1176, 34, '2013-11-16 16:12:41', '61', 'buyer'),
(1177, 34, '2013-11-09 16:12:41', '60', 'buyer'),
(1178, 34, '2013-11-09 16:12:41', '60', 'buyer'),
(1179, 34, '2013-11-09 16:12:41', '60', 'buyer'),
(1180, 34, '2013-11-09 16:12:41', '60', 'buyer'),
(1181, 34, '2013-11-09 16:12:41', '60', 'buyer'),
(1182, 34, '2013-11-09 16:12:41', '60', 'buyer'),
(1183, 34, '2013-11-02 16:12:41', '56', 'buyer'),
(1184, 34, '2013-11-02 16:12:41', '56', 'buyer'),
(1185, 34, '2013-11-02 16:12:41', '56', 'buyer'),
(1186, 34, '2013-11-02 16:12:41', '56', 'buyer'),
(1187, 34, '2013-11-02 16:12:41', '56', 'buyer'),
(1188, 34, '2013-11-02 16:12:41', '56', 'buyer'),
(1189, 35, '2013-12-07 16:12:41', '70', 'buyer'),
(1190, 35, '2013-12-07 16:12:41', '70', 'buyer'),
(1191, 35, '2013-12-07 16:12:41', '70', 'buyer'),
(1192, 35, '2013-12-07 16:12:41', '70', 'buyer'),
(1193, 35, '2013-12-07 16:12:41', '70', 'buyer'),
(1194, 35, '2013-12-07 16:12:41', '70', 'buyer'),
(1195, 35, '2013-11-30 16:12:41', '73', 'buyer'),
(1196, 35, '2013-11-30 16:12:41', '73', 'buyer'),
(1197, 35, '2013-11-30 16:12:41', '73', 'buyer'),
(1198, 35, '2013-11-30 16:12:41', '73', 'buyer'),
(1199, 35, '2013-11-30 16:12:41', '73', 'buyer'),
(1200, 35, '2013-11-30 16:12:41', '73', 'buyer'),
(1201, 35, '2013-11-23 16:12:41', '72', 'buyer'),
(1202, 35, '2013-11-23 16:12:41', '72', 'buyer'),
(1203, 35, '2013-11-23 16:12:41', '72', 'buyer'),
(1204, 35, '2013-11-23 16:12:41', '72', 'buyer'),
(1205, 35, '2013-11-23 16:12:41', '72', 'buyer'),
(1206, 35, '2013-11-23 16:12:41', '72', 'buyer'),
(1207, 35, '2013-11-16 16:12:41', '69', 'buyer'),
(1208, 35, '2013-11-16 16:12:41', '69', 'buyer'),
(1209, 35, '2013-11-16 16:12:41', '69', 'buyer'),
(1210, 35, '2013-11-16 16:12:41', '69', 'buyer'),
(1211, 35, '2013-11-16 16:12:41', '69', 'buyer'),
(1212, 35, '2013-11-16 16:12:41', '69', 'buyer'),
(1213, 35, '2013-11-09 16:12:41', '59', 'buyer'),
(1214, 35, '2013-11-09 16:12:41', '59', 'buyer'),
(1215, 35, '2013-11-09 16:12:41', '59', 'buyer'),
(1216, 35, '2013-11-09 16:12:41', '59', 'buyer'),
(1217, 35, '2013-11-09 16:12:41', '59', 'buyer'),
(1218, 35, '2013-11-09 16:12:41', '59', 'buyer'),
(1219, 35, '2013-11-02 16:12:41', '62', 'buyer'),
(1220, 35, '2013-11-02 16:12:41', '62', 'buyer'),
(1221, 35, '2013-11-02 16:12:41', '62', 'buyer'),
(1222, 35, '2013-11-02 16:12:41', '62', 'buyer'),
(1223, 35, '2013-11-02 16:12:41', '62', 'buyer'),
(1224, 35, '2013-11-02 16:12:41', '62', 'buyer'),
(1225, 36, '2013-12-07 16:12:41', '74', 'buyer'),
(1226, 36, '2013-12-07 16:12:41', '74', 'buyer'),
(1227, 36, '2013-12-07 16:12:41', '74', 'buyer'),
(1228, 36, '2013-12-07 16:12:41', '74', 'buyer'),
(1229, 36, '2013-12-07 16:12:41', '74', 'buyer'),
(1230, 36, '2013-12-07 16:12:41', '74', 'buyer'),
(1231, 36, '2013-11-30 16:12:41', '62', 'buyer'),
(1232, 36, '2013-11-30 16:12:41', '62', 'buyer'),
(1233, 36, '2013-11-30 16:12:41', '62', 'buyer'),
(1234, 36, '2013-11-30 16:12:41', '62', 'buyer'),
(1235, 36, '2013-11-30 16:12:41', '62', 'buyer'),
(1236, 36, '2013-11-30 16:12:41', '62', 'buyer'),
(1237, 36, '2013-11-23 16:12:41', '74', 'buyer'),
(1238, 36, '2013-11-23 16:12:41', '74', 'buyer'),
(1239, 36, '2013-11-23 16:12:41', '74', 'buyer'),
(1240, 36, '2013-11-23 16:12:41', '74', 'buyer'),
(1241, 36, '2013-11-23 16:12:41', '74', 'buyer'),
(1242, 36, '2013-11-23 16:12:41', '74', 'buyer'),
(1243, 36, '2013-11-16 16:12:41', '71', 'buyer'),
(1244, 36, '2013-11-16 16:12:41', '71', 'buyer'),
(1245, 36, '2013-11-16 16:12:41', '71', 'buyer'),
(1246, 36, '2013-11-16 16:12:41', '71', 'buyer'),
(1247, 36, '2013-11-16 16:12:41', '71', 'buyer'),
(1248, 36, '2013-11-16 16:12:41', '71', 'buyer'),
(1249, 36, '2013-11-09 16:12:41', '57', 'buyer'),
(1250, 36, '2013-11-09 16:12:41', '57', 'buyer'),
(1251, 36, '2013-11-09 16:12:41', '57', 'buyer'),
(1252, 36, '2013-11-09 16:12:41', '57', 'buyer'),
(1253, 36, '2013-11-09 16:12:41', '57', 'buyer'),
(1254, 36, '2013-11-09 16:12:41', '57', 'buyer'),
(1255, 36, '2013-11-02 16:12:41', '67', 'buyer'),
(1256, 36, '2013-11-02 16:12:41', '67', 'buyer'),
(1257, 36, '2013-11-02 16:12:41', '67', 'buyer'),
(1258, 36, '2013-11-02 16:12:41', '67', 'buyer'),
(1259, 36, '2013-11-02 16:12:41', '67', 'buyer'),
(1260, 36, '2013-11-02 16:12:41', '67', 'buyer'),
(1261, 37, '2013-12-07 16:12:41', '71', 'buyer'),
(1262, 37, '2013-12-07 16:12:41', '71', 'buyer'),
(1263, 37, '2013-12-07 16:12:41', '71', 'buyer'),
(1264, 37, '2013-12-07 16:12:41', '71', 'buyer'),
(1265, 37, '2013-12-07 16:12:41', '71', 'buyer'),
(1266, 37, '2013-12-07 16:12:41', '71', 'buyer'),
(1267, 37, '2013-11-30 16:12:42', '67', 'buyer'),
(1268, 37, '2013-11-30 16:12:42', '67', 'buyer'),
(1269, 37, '2013-11-30 16:12:42', '67', 'buyer'),
(1270, 37, '2013-11-30 16:12:42', '67', 'buyer'),
(1271, 37, '2013-11-30 16:12:42', '67', 'buyer'),
(1272, 37, '2013-11-30 16:12:42', '67', 'buyer'),
(1273, 37, '2013-11-23 16:12:42', '70', 'buyer'),
(1274, 37, '2013-11-23 16:12:42', '70', 'buyer'),
(1275, 37, '2013-11-23 16:12:42', '70', 'buyer'),
(1276, 37, '2013-11-23 16:12:42', '70', 'buyer'),
(1277, 37, '2013-11-23 16:12:42', '70', 'buyer'),
(1278, 37, '2013-11-23 16:12:42', '70', 'buyer'),
(1279, 37, '2013-11-16 16:12:42', '67', 'buyer'),
(1280, 37, '2013-11-16 16:12:42', '67', 'buyer'),
(1281, 37, '2013-11-16 16:12:42', '67', 'buyer'),
(1282, 37, '2013-11-16 16:12:42', '67', 'buyer'),
(1283, 37, '2013-11-16 16:12:42', '67', 'buyer'),
(1284, 37, '2013-11-16 16:12:42', '67', 'buyer'),
(1285, 37, '2013-11-09 16:12:42', '59', 'buyer'),
(1286, 37, '2013-11-09 16:12:42', '59', 'buyer'),
(1287, 37, '2013-11-09 16:12:42', '59', 'buyer'),
(1288, 37, '2013-11-09 16:12:42', '59', 'buyer'),
(1289, 37, '2013-11-09 16:12:42', '59', 'buyer'),
(1290, 37, '2013-11-09 16:12:42', '59', 'buyer'),
(1291, 37, '2013-11-02 16:12:42', '73', 'buyer'),
(1292, 37, '2013-11-02 16:12:42', '73', 'buyer'),
(1293, 37, '2013-11-02 16:12:42', '73', 'buyer'),
(1294, 37, '2013-11-02 16:12:42', '73', 'buyer'),
(1295, 37, '2013-11-02 16:12:42', '73', 'buyer'),
(1296, 37, '2013-11-02 16:12:42', '73', 'buyer'),
(1297, 38, '2013-12-07 16:12:42', '70', 'buyer'),
(1298, 38, '2013-12-07 16:12:42', '70', 'buyer'),
(1299, 38, '2013-12-07 16:12:42', '70', 'buyer'),
(1300, 38, '2013-12-07 16:12:42', '70', 'buyer'),
(1301, 38, '2013-12-07 16:12:42', '70', 'buyer'),
(1302, 38, '2013-12-07 16:12:42', '70', 'buyer'),
(1303, 38, '2013-11-30 16:12:42', '70', 'buyer'),
(1304, 38, '2013-11-30 16:12:42', '70', 'buyer'),
(1305, 38, '2013-11-30 16:12:42', '70', 'buyer'),
(1306, 38, '2013-11-30 16:12:42', '70', 'buyer'),
(1307, 38, '2013-11-30 16:12:42', '70', 'buyer'),
(1308, 38, '2013-11-30 16:12:42', '70', 'buyer'),
(1309, 38, '2013-11-23 16:12:42', '69', 'buyer'),
(1310, 38, '2013-11-23 16:12:42', '69', 'buyer'),
(1311, 38, '2013-11-23 16:12:42', '69', 'buyer'),
(1312, 38, '2013-11-23 16:12:42', '69', 'buyer'),
(1313, 38, '2013-11-23 16:12:42', '69', 'buyer'),
(1314, 38, '2013-11-23 16:12:42', '69', 'buyer'),
(1315, 38, '2013-11-16 16:12:42', '72', 'buyer'),
(1316, 38, '2013-11-16 16:12:42', '72', 'buyer'),
(1317, 38, '2013-11-16 16:12:42', '72', 'buyer'),
(1318, 38, '2013-11-16 16:12:42', '72', 'buyer'),
(1319, 38, '2013-11-16 16:12:42', '72', 'buyer'),
(1320, 38, '2013-11-16 16:12:42', '72', 'buyer'),
(1321, 38, '2013-11-09 16:12:42', '64', 'buyer'),
(1322, 38, '2013-11-09 16:12:42', '64', 'buyer'),
(1323, 38, '2013-11-09 16:12:42', '64', 'buyer'),
(1324, 38, '2013-11-09 16:12:42', '64', 'buyer'),
(1325, 38, '2013-11-09 16:12:42', '64', 'buyer'),
(1326, 38, '2013-11-09 16:12:42', '64', 'buyer'),
(1327, 38, '2013-11-02 16:12:42', '65', 'buyer'),
(1328, 38, '2013-11-02 16:12:42', '65', 'buyer'),
(1329, 38, '2013-11-02 16:12:42', '65', 'buyer'),
(1330, 38, '2013-11-02 16:12:42', '65', 'buyer'),
(1331, 38, '2013-11-02 16:12:42', '65', 'buyer'),
(1332, 38, '2013-11-02 16:12:42', '65', 'buyer'),
(1333, 39, '2013-12-07 16:12:42', '61', 'buyer'),
(1334, 39, '2013-12-07 16:12:42', '61', 'buyer'),
(1335, 39, '2013-12-07 16:12:42', '61', 'buyer'),
(1336, 39, '2013-12-07 16:12:42', '61', 'buyer'),
(1337, 39, '2013-12-07 16:12:42', '61', 'buyer'),
(1338, 39, '2013-12-07 16:12:42', '61', 'buyer'),
(1339, 39, '2013-11-30 16:12:42', '58', 'buyer'),
(1340, 39, '2013-11-30 16:12:42', '58', 'buyer'),
(1341, 39, '2013-11-30 16:12:42', '58', 'buyer'),
(1342, 39, '2013-11-30 16:12:42', '58', 'buyer'),
(1343, 39, '2013-11-30 16:12:42', '58', 'buyer'),
(1344, 39, '2013-11-30 16:12:42', '58', 'buyer'),
(1345, 39, '2013-11-23 16:12:42', '74', 'buyer'),
(1346, 39, '2013-11-23 16:12:42', '74', 'buyer'),
(1347, 39, '2013-11-23 16:12:42', '74', 'buyer'),
(1348, 39, '2013-11-23 16:12:42', '74', 'buyer'),
(1349, 39, '2013-11-23 16:12:42', '74', 'buyer'),
(1350, 39, '2013-11-23 16:12:42', '74', 'buyer'),
(1351, 39, '2013-11-16 16:12:42', '62', 'buyer'),
(1352, 39, '2013-11-16 16:12:42', '62', 'buyer'),
(1353, 39, '2013-11-16 16:12:42', '62', 'buyer'),
(1354, 39, '2013-11-16 16:12:42', '62', 'buyer'),
(1355, 39, '2013-11-16 16:12:42', '62', 'buyer'),
(1356, 39, '2013-11-16 16:12:42', '62', 'buyer'),
(1357, 39, '2013-11-09 16:12:42', '74', 'buyer'),
(1358, 39, '2013-11-09 16:12:42', '74', 'buyer'),
(1359, 39, '2013-11-09 16:12:42', '74', 'buyer'),
(1360, 39, '2013-11-09 16:12:42', '74', 'buyer'),
(1361, 39, '2013-11-09 16:12:42', '74', 'buyer'),
(1362, 39, '2013-11-09 16:12:42', '74', 'buyer'),
(1363, 39, '2013-11-02 16:12:42', '68', 'buyer'),
(1364, 39, '2013-11-02 16:12:42', '68', 'buyer'),
(1365, 39, '2013-11-02 16:12:42', '68', 'buyer'),
(1366, 39, '2013-11-02 16:12:42', '68', 'buyer'),
(1367, 39, '2013-11-02 16:12:42', '68', 'buyer'),
(1368, 39, '2013-11-02 16:12:42', '68', 'buyer'),
(1369, 40, '2013-12-07 16:12:42', '73', 'buyer'),
(1370, 40, '2013-12-07 16:12:42', '73', 'buyer'),
(1371, 40, '2013-12-07 16:12:42', '73', 'buyer'),
(1372, 40, '2013-12-07 16:12:42', '73', 'buyer'),
(1373, 40, '2013-12-07 16:12:42', '73', 'buyer'),
(1374, 40, '2013-12-07 16:12:42', '73', 'buyer'),
(1375, 40, '2013-11-30 16:12:42', '74', 'buyer'),
(1376, 40, '2013-11-30 16:12:42', '74', 'buyer'),
(1377, 40, '2013-11-30 16:12:42', '74', 'buyer'),
(1378, 40, '2013-11-30 16:12:42', '74', 'buyer'),
(1379, 40, '2013-11-30 16:12:42', '74', 'buyer'),
(1380, 40, '2013-11-30 16:12:42', '74', 'buyer'),
(1381, 40, '2013-11-23 16:12:42', '58', 'buyer'),
(1382, 40, '2013-11-23 16:12:42', '58', 'buyer'),
(1383, 40, '2013-11-23 16:12:42', '58', 'buyer'),
(1384, 40, '2013-11-23 16:12:42', '58', 'buyer'),
(1385, 40, '2013-11-23 16:12:42', '58', 'buyer'),
(1386, 40, '2013-11-23 16:12:42', '58', 'buyer'),
(1387, 40, '2013-11-16 16:12:42', '70', 'buyer'),
(1388, 40, '2013-11-16 16:12:42', '70', 'buyer'),
(1389, 40, '2013-11-16 16:12:42', '70', 'buyer'),
(1390, 40, '2013-11-16 16:12:42', '70', 'buyer'),
(1391, 40, '2013-11-16 16:12:42', '70', 'buyer'),
(1392, 40, '2013-11-16 16:12:42', '70', 'buyer'),
(1393, 40, '2013-11-09 16:12:42', '70', 'buyer'),
(1394, 40, '2013-11-09 16:12:42', '70', 'buyer'),
(1395, 40, '2013-11-09 16:12:42', '70', 'buyer'),
(1396, 40, '2013-11-09 16:12:42', '70', 'buyer'),
(1397, 40, '2013-11-09 16:12:42', '70', 'buyer'),
(1398, 40, '2013-11-09 16:12:42', '70', 'buyer'),
(1399, 40, '2013-11-02 16:12:42', '58', 'buyer'),
(1400, 40, '2013-11-02 16:12:42', '58', 'buyer'),
(1401, 40, '2013-11-02 16:12:42', '58', 'buyer'),
(1402, 40, '2013-11-02 16:12:42', '58', 'buyer'),
(1403, 40, '2013-11-02 16:12:42', '58', 'buyer'),
(1404, 40, '2013-11-02 16:12:42', '58', 'buyer'),
(1405, 41, '2013-12-07 16:12:42', '69', 'buyer'),
(1406, 41, '2013-12-07 16:12:42', '69', 'buyer'),
(1407, 41, '2013-12-07 16:12:42', '69', 'buyer'),
(1408, 41, '2013-12-07 16:12:42', '69', 'buyer'),
(1409, 41, '2013-12-07 16:12:42', '69', 'buyer'),
(1410, 41, '2013-12-07 16:12:42', '69', 'buyer'),
(1411, 41, '2013-11-30 16:12:42', '75', 'buyer'),
(1412, 41, '2013-11-30 16:12:42', '75', 'buyer'),
(1413, 41, '2013-11-30 16:12:42', '75', 'buyer'),
(1414, 41, '2013-11-30 16:12:42', '75', 'buyer'),
(1415, 41, '2013-11-30 16:12:42', '75', 'buyer'),
(1416, 41, '2013-11-30 16:12:42', '75', 'buyer'),
(1417, 41, '2013-11-23 16:12:42', '61', 'buyer'),
(1418, 41, '2013-11-23 16:12:42', '61', 'buyer'),
(1419, 41, '2013-11-23 16:12:42', '61', 'buyer'),
(1420, 41, '2013-11-23 16:12:42', '61', 'buyer'),
(1421, 41, '2013-11-23 16:12:42', '61', 'buyer'),
(1422, 41, '2013-11-23 16:12:42', '61', 'buyer'),
(1423, 41, '2013-11-16 16:12:42', '58', 'buyer'),
(1424, 41, '2013-11-16 16:12:42', '58', 'buyer'),
(1425, 41, '2013-11-16 16:12:42', '58', 'buyer'),
(1426, 41, '2013-11-16 16:12:42', '58', 'buyer'),
(1427, 41, '2013-11-16 16:12:42', '58', 'buyer'),
(1428, 41, '2013-11-16 16:12:42', '58', 'buyer'),
(1429, 41, '2013-11-09 16:12:42', '72', 'buyer'),
(1430, 41, '2013-11-09 16:12:42', '72', 'buyer'),
(1431, 41, '2013-11-09 16:12:42', '72', 'buyer'),
(1432, 41, '2013-11-09 16:12:42', '72', 'buyer'),
(1433, 41, '2013-11-09 16:12:42', '72', 'buyer'),
(1434, 41, '2013-11-09 16:12:42', '72', 'buyer'),
(1435, 41, '2013-11-02 16:12:42', '60', 'buyer'),
(1436, 41, '2013-11-02 16:12:42', '60', 'buyer'),
(1437, 41, '2013-11-02 16:12:42', '60', 'buyer'),
(1438, 41, '2013-11-02 16:12:42', '60', 'buyer'),
(1439, 41, '2013-11-02 16:12:42', '60', 'buyer'),
(1440, 41, '2013-11-02 16:12:42', '60', 'buyer'),
(1441, 42, '2013-12-07 16:12:42', '66', 'buyer'),
(1442, 42, '2013-12-07 16:12:42', '66', 'buyer'),
(1443, 42, '2013-12-07 16:12:42', '66', 'buyer'),
(1444, 42, '2013-12-07 16:12:42', '66', 'buyer'),
(1445, 42, '2013-12-07 16:12:42', '66', 'buyer'),
(1446, 42, '2013-12-07 16:12:42', '66', 'buyer'),
(1447, 42, '2013-11-30 16:12:42', '56', 'buyer'),
(1448, 42, '2013-11-30 16:12:42', '56', 'buyer'),
(1449, 42, '2013-11-30 16:12:42', '56', 'buyer'),
(1450, 42, '2013-11-30 16:12:42', '56', 'buyer'),
(1451, 42, '2013-11-30 16:12:42', '56', 'buyer'),
(1452, 42, '2013-11-30 16:12:42', '56', 'buyer'),
(1453, 42, '2013-11-23 16:12:42', '69', 'buyer'),
(1454, 42, '2013-11-23 16:12:42', '69', 'buyer'),
(1455, 42, '2013-11-23 16:12:42', '69', 'buyer'),
(1456, 42, '2013-11-23 16:12:42', '69', 'buyer'),
(1457, 42, '2013-11-23 16:12:42', '69', 'buyer'),
(1458, 42, '2013-11-23 16:12:42', '69', 'buyer'),
(1459, 42, '2013-11-16 16:12:42', '60', 'buyer'),
(1460, 42, '2013-11-16 16:12:42', '60', 'buyer'),
(1461, 42, '2013-11-16 16:12:42', '60', 'buyer'),
(1462, 42, '2013-11-16 16:12:42', '60', 'buyer'),
(1463, 42, '2013-11-16 16:12:42', '60', 'buyer'),
(1464, 42, '2013-11-16 16:12:42', '60', 'buyer'),
(1465, 42, '2013-11-09 16:12:42', '60', 'buyer'),
(1466, 42, '2013-11-09 16:12:42', '60', 'buyer'),
(1467, 42, '2013-11-09 16:12:42', '60', 'buyer'),
(1468, 42, '2013-11-09 16:12:42', '60', 'buyer'),
(1469, 42, '2013-11-09 16:12:42', '60', 'buyer'),
(1470, 42, '2013-11-09 16:12:42', '60', 'buyer'),
(1471, 42, '2013-11-02 16:12:42', '70', 'buyer'),
(1472, 42, '2013-11-02 16:12:42', '70', 'buyer'),
(1473, 42, '2013-11-02 16:12:42', '70', 'buyer'),
(1474, 42, '2013-11-02 16:12:42', '70', 'buyer'),
(1475, 42, '2013-11-02 16:12:42', '70', 'buyer'),
(1476, 42, '2013-11-02 16:12:42', '70', 'buyer'),
(1477, 43, '2013-12-07 16:12:42', '55', 'buyer'),
(1478, 43, '2013-12-07 16:12:42', '55', 'buyer'),
(1479, 43, '2013-12-07 16:12:42', '55', 'buyer'),
(1480, 43, '2013-12-07 16:12:42', '55', 'buyer'),
(1481, 43, '2013-12-07 16:12:42', '55', 'buyer'),
(1482, 43, '2013-12-07 16:12:42', '55', 'buyer'),
(1483, 43, '2013-11-30 16:12:42', '71', 'buyer'),
(1484, 43, '2013-11-30 16:12:42', '71', 'buyer'),
(1485, 43, '2013-11-30 16:12:42', '71', 'buyer'),
(1486, 43, '2013-11-30 16:12:42', '71', 'buyer'),
(1487, 43, '2013-11-30 16:12:42', '71', 'buyer'),
(1488, 43, '2013-11-30 16:12:42', '71', 'buyer'),
(1489, 43, '2013-11-23 16:12:42', '61', 'buyer'),
(1490, 43, '2013-11-23 16:12:42', '61', 'buyer'),
(1491, 43, '2013-11-23 16:12:42', '61', 'buyer'),
(1492, 43, '2013-11-23 16:12:42', '61', 'buyer'),
(1493, 43, '2013-11-23 16:12:42', '61', 'buyer'),
(1494, 43, '2013-11-23 16:12:42', '61', 'buyer'),
(1495, 43, '2013-11-16 16:12:42', '66', 'buyer'),
(1496, 43, '2013-11-16 16:12:42', '66', 'buyer'),
(1497, 43, '2013-11-16 16:12:42', '66', 'buyer'),
(1498, 43, '2013-11-16 16:12:42', '66', 'buyer'),
(1499, 43, '2013-11-16 16:12:42', '66', 'buyer'),
(1500, 43, '2013-11-16 16:12:42', '66', 'buyer'),
(1501, 43, '2013-11-09 16:12:42', '64', 'buyer'),
(1502, 43, '2013-11-09 16:12:42', '64', 'buyer'),
(1503, 43, '2013-11-09 16:12:42', '64', 'buyer'),
(1504, 43, '2013-11-09 16:12:42', '64', 'buyer'),
(1505, 43, '2013-11-09 16:12:42', '64', 'buyer'),
(1506, 43, '2013-11-09 16:12:42', '64', 'buyer'),
(1507, 43, '2013-11-02 16:12:42', '69', 'buyer'),
(1508, 43, '2013-11-02 16:12:42', '69', 'buyer'),
(1509, 43, '2013-11-02 16:12:42', '69', 'buyer'),
(1510, 43, '2013-11-02 16:12:42', '69', 'buyer'),
(1511, 43, '2013-11-02 16:12:42', '69', 'buyer'),
(1512, 43, '2013-11-02 16:12:42', '69', 'buyer'),
(1513, 44, '2013-12-07 16:12:42', '59', 'buyer'),
(1514, 44, '2013-12-07 16:12:42', '59', 'buyer'),
(1515, 44, '2013-12-07 16:12:42', '59', 'buyer'),
(1516, 44, '2013-12-07 16:12:42', '59', 'buyer'),
(1517, 44, '2013-12-07 16:12:42', '59', 'buyer'),
(1518, 44, '2013-12-07 16:12:42', '59', 'buyer'),
(1519, 44, '2013-11-30 16:12:42', '55', 'buyer'),
(1520, 44, '2013-11-30 16:12:42', '55', 'buyer'),
(1521, 44, '2013-11-30 16:12:42', '55', 'buyer'),
(1522, 44, '2013-11-30 16:12:42', '55', 'buyer'),
(1523, 44, '2013-11-30 16:12:42', '55', 'buyer'),
(1524, 44, '2013-11-30 16:12:42', '55', 'buyer'),
(1525, 44, '2013-11-23 16:12:42', '61', 'buyer'),
(1526, 44, '2013-11-23 16:12:42', '61', 'buyer'),
(1527, 44, '2013-11-23 16:12:42', '61', 'buyer'),
(1528, 44, '2013-11-23 16:12:42', '61', 'buyer'),
(1529, 44, '2013-11-23 16:12:42', '61', 'buyer'),
(1530, 44, '2013-11-23 16:12:42', '61', 'buyer'),
(1531, 44, '2013-11-16 16:12:42', '63', 'buyer'),
(1532, 44, '2013-11-16 16:12:42', '63', 'buyer'),
(1533, 44, '2013-11-16 16:12:42', '63', 'buyer'),
(1534, 44, '2013-11-16 16:12:42', '63', 'buyer'),
(1535, 44, '2013-11-16 16:12:42', '63', 'buyer'),
(1536, 44, '2013-11-16 16:12:42', '63', 'buyer'),
(1537, 44, '2013-11-09 16:12:42', '73', 'buyer'),
(1538, 44, '2013-11-09 16:12:42', '73', 'buyer'),
(1539, 44, '2013-11-09 16:12:42', '73', 'buyer'),
(1540, 44, '2013-11-09 16:12:42', '73', 'buyer'),
(1541, 44, '2013-11-09 16:12:42', '73', 'buyer'),
(1542, 44, '2013-11-09 16:12:42', '73', 'buyer'),
(1543, 44, '2013-11-02 16:12:42', '65', 'buyer'),
(1544, 44, '2013-11-02 16:12:42', '65', 'buyer'),
(1545, 44, '2013-11-02 16:12:42', '65', 'buyer'),
(1546, 44, '2013-11-02 16:12:42', '65', 'buyer'),
(1547, 44, '2013-11-02 16:12:42', '65', 'buyer'),
(1548, 44, '2013-11-02 16:12:42', '65', 'buyer'),
(1549, 45, '2013-12-07 16:12:42', '59', 'buyer'),
(1550, 45, '2013-12-07 16:12:42', '59', 'buyer'),
(1551, 45, '2013-12-07 16:12:42', '59', 'buyer'),
(1552, 45, '2013-12-07 16:12:42', '59', 'buyer'),
(1553, 45, '2013-12-07 16:12:42', '59', 'buyer'),
(1554, 45, '2013-12-07 16:12:42', '59', 'buyer'),
(1555, 45, '2013-11-30 16:12:42', '71', 'buyer'),
(1556, 45, '2013-11-30 16:12:42', '71', 'buyer'),
(1557, 45, '2013-11-30 16:12:42', '71', 'buyer'),
(1558, 45, '2013-11-30 16:12:42', '71', 'buyer'),
(1559, 45, '2013-11-30 16:12:42', '71', 'buyer'),
(1560, 45, '2013-11-30 16:12:42', '71', 'buyer'),
(1561, 45, '2013-11-23 16:12:42', '70', 'buyer'),
(1562, 45, '2013-11-23 16:12:42', '70', 'buyer'),
(1563, 45, '2013-11-23 16:12:42', '70', 'buyer'),
(1564, 45, '2013-11-23 16:12:42', '70', 'buyer'),
(1565, 45, '2013-11-23 16:12:42', '70', 'buyer'),
(1566, 45, '2013-11-23 16:12:42', '70', 'buyer'),
(1567, 45, '2013-11-16 16:12:42', '58', 'buyer'),
(1568, 45, '2013-11-16 16:12:42', '58', 'buyer'),
(1569, 45, '2013-11-16 16:12:42', '58', 'buyer'),
(1570, 45, '2013-11-16 16:12:42', '58', 'buyer'),
(1571, 45, '2013-11-16 16:12:42', '58', 'buyer'),
(1572, 45, '2013-11-16 16:12:42', '58', 'buyer'),
(1573, 45, '2013-11-09 16:12:42', '70', 'buyer'),
(1574, 45, '2013-11-09 16:12:42', '70', 'buyer'),
(1575, 45, '2013-11-09 16:12:42', '70', 'buyer'),
(1576, 45, '2013-11-09 16:12:42', '70', 'buyer'),
(1577, 45, '2013-11-09 16:12:42', '70', 'buyer'),
(1578, 45, '2013-11-09 16:12:42', '70', 'buyer'),
(1579, 45, '2013-11-02 16:12:42', '75', 'buyer'),
(1580, 45, '2013-11-02 16:12:42', '75', 'buyer'),
(1581, 45, '2013-11-02 16:12:42', '75', 'buyer'),
(1582, 45, '2013-11-02 16:12:42', '75', 'buyer'),
(1583, 45, '2013-11-02 16:12:42', '75', 'buyer'),
(1584, 45, '2013-11-02 16:12:42', '75', 'buyer'),
(1585, 46, '2013-12-07 16:12:42', '66', 'buyer'),
(1586, 46, '2013-12-07 16:12:42', '66', 'buyer'),
(1587, 46, '2013-12-07 16:12:42', '66', 'buyer'),
(1588, 46, '2013-12-07 16:12:42', '66', 'buyer'),
(1589, 46, '2013-12-07 16:12:42', '66', 'buyer'),
(1590, 46, '2013-12-07 16:12:42', '66', 'buyer'),
(1591, 46, '2013-11-30 16:12:42', '64', 'buyer'),
(1592, 46, '2013-11-30 16:12:42', '64', 'buyer'),
(1593, 46, '2013-11-30 16:12:42', '64', 'buyer'),
(1594, 46, '2013-11-30 16:12:42', '64', 'buyer'),
(1595, 46, '2013-11-30 16:12:42', '64', 'buyer'),
(1596, 46, '2013-11-30 16:12:42', '64', 'buyer'),
(1597, 46, '2013-11-23 16:12:43', '55', 'buyer'),
(1598, 46, '2013-11-23 16:12:43', '55', 'buyer'),
(1599, 46, '2013-11-23 16:12:43', '55', 'buyer'),
(1600, 46, '2013-11-23 16:12:43', '55', 'buyer'),
(1601, 46, '2013-11-23 16:12:43', '55', 'buyer'),
(1602, 46, '2013-11-23 16:12:43', '55', 'buyer'),
(1603, 46, '2013-11-16 16:12:43', '75', 'buyer'),
(1604, 46, '2013-11-16 16:12:43', '75', 'buyer'),
(1605, 46, '2013-11-16 16:12:43', '75', 'buyer'),
(1606, 46, '2013-11-16 16:12:43', '75', 'buyer'),
(1607, 46, '2013-11-16 16:12:43', '75', 'buyer'),
(1608, 46, '2013-11-16 16:12:43', '75', 'buyer'),
(1609, 46, '2013-11-09 16:12:43', '71', 'buyer'),
(1610, 46, '2013-11-09 16:12:43', '71', 'buyer'),
(1611, 46, '2013-11-09 16:12:43', '71', 'buyer'),
(1612, 46, '2013-11-09 16:12:43', '71', 'buyer'),
(1613, 46, '2013-11-09 16:12:43', '71', 'buyer'),
(1614, 46, '2013-11-09 16:12:43', '71', 'buyer'),
(1615, 46, '2013-11-02 16:12:43', '74', 'buyer'),
(1616, 46, '2013-11-02 16:12:43', '74', 'buyer'),
(1617, 46, '2013-11-02 16:12:43', '74', 'buyer'),
(1618, 46, '2013-11-02 16:12:43', '74', 'buyer'),
(1619, 46, '2013-11-02 16:12:43', '74', 'buyer'),
(1620, 46, '2013-11-02 16:12:43', '74', 'buyer'),
(1621, 47, '2013-12-07 16:12:43', '73', 'buyer'),
(1622, 47, '2013-12-07 16:12:43', '73', 'buyer'),
(1623, 47, '2013-12-07 16:12:43', '73', 'buyer'),
(1624, 47, '2013-12-07 16:12:43', '73', 'buyer'),
(1625, 47, '2013-12-07 16:12:43', '73', 'buyer'),
(1626, 47, '2013-12-07 16:12:43', '73', 'buyer'),
(1627, 47, '2013-11-30 16:12:43', '71', 'buyer'),
(1628, 47, '2013-11-30 16:12:43', '71', 'buyer'),
(1629, 47, '2013-11-30 16:12:43', '71', 'buyer'),
(1630, 47, '2013-11-30 16:12:43', '71', 'buyer'),
(1631, 47, '2013-11-30 16:12:43', '71', 'buyer'),
(1632, 47, '2013-11-30 16:12:43', '71', 'buyer'),
(1633, 47, '2013-11-23 16:12:43', '59', 'buyer'),
(1634, 47, '2013-11-23 16:12:43', '59', 'buyer'),
(1635, 47, '2013-11-23 16:12:43', '59', 'buyer'),
(1636, 47, '2013-11-23 16:12:43', '59', 'buyer'),
(1637, 47, '2013-11-23 16:12:43', '59', 'buyer'),
(1638, 47, '2013-11-23 16:12:43', '59', 'buyer'),
(1639, 47, '2013-11-16 16:12:43', '69', 'buyer'),
(1640, 47, '2013-11-16 16:12:43', '69', 'buyer'),
(1641, 47, '2013-11-16 16:12:43', '69', 'buyer'),
(1642, 47, '2013-11-16 16:12:43', '69', 'buyer'),
(1643, 47, '2013-11-16 16:12:43', '69', 'buyer'),
(1644, 47, '2013-11-16 16:12:43', '69', 'buyer'),
(1645, 47, '2013-11-09 16:12:43', '62', 'buyer'),
(1646, 47, '2013-11-09 16:12:43', '62', 'buyer'),
(1647, 47, '2013-11-09 16:12:43', '62', 'buyer'),
(1648, 47, '2013-11-09 16:12:43', '62', 'buyer'),
(1649, 47, '2013-11-09 16:12:43', '62', 'buyer'),
(1650, 47, '2013-11-09 16:12:43', '62', 'buyer'),
(1651, 47, '2013-11-02 16:12:43', '62', 'buyer'),
(1652, 47, '2013-11-02 16:12:43', '62', 'buyer'),
(1653, 47, '2013-11-02 16:12:43', '62', 'buyer'),
(1654, 47, '2013-11-02 16:12:43', '62', 'buyer'),
(1655, 47, '2013-11-02 16:12:43', '62', 'buyer'),
(1656, 47, '2013-11-02 16:12:43', '62', 'buyer'),
(1657, 48, '2013-12-07 16:12:43', '56', 'buyer'),
(1658, 48, '2013-12-07 16:12:43', '56', 'buyer'),
(1659, 48, '2013-12-07 16:12:43', '56', 'buyer'),
(1660, 48, '2013-12-07 16:12:43', '56', 'buyer'),
(1661, 48, '2013-12-07 16:12:43', '56', 'buyer'),
(1662, 48, '2013-12-07 16:12:43', '56', 'buyer'),
(1663, 48, '2013-11-30 16:12:43', '75', 'buyer'),
(1664, 48, '2013-11-30 16:12:43', '75', 'buyer'),
(1665, 48, '2013-11-30 16:12:43', '75', 'buyer'),
(1666, 48, '2013-11-30 16:12:43', '75', 'buyer'),
(1667, 48, '2013-11-30 16:12:43', '75', 'buyer'),
(1668, 48, '2013-11-30 16:12:43', '75', 'buyer'),
(1669, 48, '2013-11-23 16:12:43', '59', 'buyer'),
(1670, 48, '2013-11-23 16:12:43', '59', 'buyer'),
(1671, 48, '2013-11-23 16:12:43', '59', 'buyer'),
(1672, 48, '2013-11-23 16:12:43', '59', 'buyer'),
(1673, 48, '2013-11-23 16:12:43', '59', 'buyer'),
(1674, 48, '2013-11-23 16:12:43', '59', 'buyer'),
(1675, 48, '2013-11-16 16:12:43', '56', 'buyer'),
(1676, 48, '2013-11-16 16:12:43', '56', 'buyer'),
(1677, 48, '2013-11-16 16:12:43', '56', 'buyer'),
(1678, 48, '2013-11-16 16:12:43', '56', 'buyer'),
(1679, 48, '2013-11-16 16:12:43', '56', 'buyer'),
(1680, 48, '2013-11-16 16:12:43', '56', 'buyer'),
(1681, 48, '2013-11-09 16:12:43', '72', 'buyer'),
(1682, 48, '2013-11-09 16:12:43', '72', 'buyer'),
(1683, 48, '2013-11-09 16:12:43', '72', 'buyer'),
(1684, 48, '2013-11-09 16:12:43', '72', 'buyer'),
(1685, 48, '2013-11-09 16:12:43', '72', 'buyer'),
(1686, 48, '2013-11-09 16:12:43', '72', 'buyer'),
(1687, 48, '2013-11-02 16:12:43', '68', 'buyer'),
(1688, 48, '2013-11-02 16:12:43', '68', 'buyer'),
(1689, 48, '2013-11-02 16:12:43', '68', 'buyer'),
(1690, 48, '2013-11-02 16:12:43', '68', 'buyer'),
(1691, 48, '2013-11-02 16:12:43', '68', 'buyer'),
(1692, 48, '2013-11-02 16:12:43', '68', 'buyer'),
(1693, 49, '2013-12-07 16:12:43', '57', 'buyer'),
(1694, 49, '2013-12-07 16:12:43', '57', 'buyer'),
(1695, 49, '2013-12-07 16:12:43', '57', 'buyer'),
(1696, 49, '2013-12-07 16:12:43', '57', 'buyer'),
(1697, 49, '2013-12-07 16:12:43', '57', 'buyer'),
(1698, 49, '2013-12-07 16:12:43', '57', 'buyer'),
(1699, 49, '2013-11-30 16:12:43', '74', 'buyer'),
(1700, 49, '2013-11-30 16:12:43', '74', 'buyer'),
(1701, 49, '2013-11-30 16:12:43', '74', 'buyer'),
(1702, 49, '2013-11-30 16:12:43', '74', 'buyer'),
(1703, 49, '2013-11-30 16:12:43', '74', 'buyer'),
(1704, 49, '2013-11-30 16:12:43', '74', 'buyer'),
(1705, 49, '2013-11-23 16:12:43', '72', 'buyer'),
(1706, 49, '2013-11-23 16:12:43', '72', 'buyer'),
(1707, 49, '2013-11-23 16:12:43', '72', 'buyer'),
(1708, 49, '2013-11-23 16:12:43', '72', 'buyer'),
(1709, 49, '2013-11-23 16:12:43', '72', 'buyer'),
(1710, 49, '2013-11-23 16:12:43', '72', 'buyer'),
(1711, 49, '2013-11-16 16:12:43', '60', 'buyer'),
(1712, 49, '2013-11-16 16:12:43', '60', 'buyer'),
(1713, 49, '2013-11-16 16:12:43', '60', 'buyer'),
(1714, 49, '2013-11-16 16:12:43', '60', 'buyer'),
(1715, 49, '2013-11-16 16:12:43', '60', 'buyer'),
(1716, 49, '2013-11-16 16:12:43', '60', 'buyer'),
(1717, 49, '2013-11-09 16:12:43', '67', 'buyer'),
(1718, 49, '2013-11-09 16:12:43', '67', 'buyer'),
(1719, 49, '2013-11-09 16:12:43', '67', 'buyer'),
(1720, 49, '2013-11-09 16:12:43', '67', 'buyer'),
(1721, 49, '2013-11-09 16:12:43', '67', 'buyer'),
(1722, 49, '2013-11-09 16:12:43', '67', 'buyer'),
(1723, 49, '2013-11-02 16:12:43', '60', 'buyer'),
(1724, 49, '2013-11-02 16:12:43', '60', 'buyer'),
(1725, 49, '2013-11-02 16:12:43', '60', 'buyer'),
(1726, 49, '2013-11-02 16:12:43', '60', 'buyer'),
(1727, 49, '2013-11-02 16:12:43', '60', 'buyer'),
(1728, 49, '2013-11-02 16:12:43', '60', 'buyer'),
(1729, 50, '2013-12-07 16:12:43', '60', 'buyer'),
(1730, 50, '2013-12-07 16:12:43', '60', 'buyer'),
(1731, 50, '2013-12-07 16:12:43', '60', 'buyer'),
(1732, 50, '2013-12-07 16:12:43', '60', 'buyer'),
(1733, 50, '2013-12-07 16:12:43', '60', 'buyer'),
(1734, 50, '2013-12-07 16:12:43', '60', 'buyer'),
(1735, 50, '2013-11-30 16:12:43', '55', 'buyer'),
(1736, 50, '2013-11-30 16:12:43', '55', 'buyer'),
(1737, 50, '2013-11-30 16:12:43', '55', 'buyer'),
(1738, 50, '2013-11-30 16:12:43', '55', 'buyer'),
(1739, 50, '2013-11-30 16:12:43', '55', 'buyer'),
(1740, 50, '2013-11-30 16:12:43', '55', 'buyer'),
(1741, 50, '2013-11-23 16:12:43', '59', 'buyer'),
(1742, 50, '2013-11-23 16:12:43', '59', 'buyer'),
(1743, 50, '2013-11-23 16:12:43', '59', 'buyer'),
(1744, 50, '2013-11-23 16:12:43', '59', 'buyer'),
(1745, 50, '2013-11-23 16:12:43', '59', 'buyer'),
(1746, 50, '2013-11-23 16:12:43', '59', 'buyer'),
(1747, 50, '2013-11-16 16:12:43', '58', 'buyer'),
(1748, 50, '2013-11-16 16:12:43', '58', 'buyer'),
(1749, 50, '2013-11-16 16:12:43', '58', 'buyer'),
(1750, 50, '2013-11-16 16:12:43', '58', 'buyer'),
(1751, 50, '2013-11-16 16:12:43', '58', 'buyer'),
(1752, 50, '2013-11-16 16:12:43', '58', 'buyer'),
(1753, 50, '2013-11-09 16:12:43', '65', 'buyer'),
(1754, 50, '2013-11-09 16:12:43', '65', 'buyer'),
(1755, 50, '2013-11-09 16:12:43', '65', 'buyer'),
(1756, 50, '2013-11-09 16:12:43', '65', 'buyer'),
(1757, 50, '2013-11-09 16:12:43', '65', 'buyer'),
(1758, 50, '2013-11-09 16:12:43', '65', 'buyer'),
(1759, 50, '2013-11-02 16:12:43', '69', 'buyer'),
(1760, 50, '2013-11-02 16:12:43', '69', 'buyer'),
(1761, 50, '2013-11-02 16:12:43', '69', 'buyer'),
(1762, 50, '2013-11-02 16:12:43', '69', 'buyer'),
(1763, 50, '2013-11-02 16:12:43', '69', 'buyer'),
(1764, 50, '2013-11-02 16:12:43', '69', 'buyer'),
(1765, 51, '2013-12-07 16:12:43', '63', 'buyer'),
(1766, 51, '2013-12-07 16:12:43', '63', 'buyer'),
(1767, 51, '2013-12-07 16:12:43', '63', 'buyer'),
(1768, 51, '2013-12-07 16:12:43', '63', 'buyer'),
(1769, 51, '2013-12-07 16:12:43', '63', 'buyer'),
(1770, 51, '2013-12-07 16:12:43', '63', 'buyer'),
(1771, 51, '2013-11-30 16:12:43', '55', 'buyer'),
(1772, 51, '2013-11-30 16:12:43', '55', 'buyer'),
(1773, 51, '2013-11-30 16:12:43', '55', 'buyer'),
(1774, 51, '2013-11-30 16:12:43', '55', 'buyer'),
(1775, 51, '2013-11-30 16:12:43', '55', 'buyer'),
(1776, 51, '2013-11-30 16:12:43', '55', 'buyer'),
(1777, 51, '2013-11-23 16:12:43', '73', 'buyer'),
(1778, 51, '2013-11-23 16:12:43', '73', 'buyer'),
(1779, 51, '2013-11-23 16:12:43', '73', 'buyer'),
(1780, 51, '2013-11-23 16:12:43', '73', 'buyer'),
(1781, 51, '2013-11-23 16:12:43', '73', 'buyer'),
(1782, 51, '2013-11-23 16:12:43', '73', 'buyer'),
(1783, 51, '2013-11-16 16:12:43', '61', 'buyer'),
(1784, 51, '2013-11-16 16:12:43', '61', 'buyer'),
(1785, 51, '2013-11-16 16:12:43', '61', 'buyer'),
(1786, 51, '2013-11-16 16:12:43', '61', 'buyer'),
(1787, 51, '2013-11-16 16:12:43', '61', 'buyer'),
(1788, 51, '2013-11-16 16:12:43', '61', 'buyer'),
(1789, 51, '2013-11-09 16:12:43', '69', 'buyer'),
(1790, 51, '2013-11-09 16:12:43', '69', 'buyer'),
(1791, 51, '2013-11-09 16:12:43', '69', 'buyer'),
(1792, 51, '2013-11-09 16:12:43', '69', 'buyer'),
(1793, 51, '2013-11-09 16:12:43', '69', 'buyer'),
(1794, 51, '2013-11-09 16:12:43', '69', 'buyer'),
(1795, 51, '2013-11-02 16:12:43', '68', 'buyer'),
(1796, 51, '2013-11-02 16:12:43', '68', 'buyer'),
(1797, 51, '2013-11-02 16:12:43', '68', 'buyer'),
(1798, 51, '2013-11-02 16:12:43', '68', 'buyer'),
(1799, 51, '2013-11-02 16:12:43', '68', 'buyer'),
(1800, 51, '2013-11-02 16:12:43', '68', 'buyer');

--
-- Contraintes pour les tables exportées
--

--
-- Contraintes pour la table `objet`
--
ALTER TABLE `objet`
  ADD CONSTRAINT `fk_idCategorie` FOREIGN KEY (`idCategorie`) REFERENCES `categorie` (`idCategorie`) ON DELETE NO ACTION ON UPDATE NO ACTION;

--
-- Contraintes pour la table `stock`
--
ALTER TABLE `stock`
  ADD CONSTRAINT `fk_refObjet` FOREIGN KEY (`refObjet`) REFERENCES `objet` (`refObjet`) ON DELETE NO ACTION ON UPDATE NO ACTION;

--
-- Contraintes pour la table `vente`
--
ALTER TABLE `vente`
  ADD CONSTRAINT `fk_vente_refObjet` FOREIGN KEY (`refObjet`) REFERENCES `objet` (`refObjet`) ON DELETE NO ACTION ON UPDATE NO ACTION;

/*!40101 SET CHARACTER_SET_CLIENT=@OLD_CHARACTER_SET_CLIENT */;
/*!40101 SET CHARACTER_SET_RESULTS=@OLD_CHARACTER_SET_RESULTS */;
/*!40101 SET COLLATION_CONNECTION=@OLD_COLLATION_CONNECTION */;
